/*
MySQL Backup
Database: jqp-community
Backup Time: 2022-08-25 11:43:35
*/

SET FOREIGN_KEY_CHECKS=0;
DROP TABLE IF EXISTS `address_code`;
DROP TABLE IF EXISTS `config`;
DROP TABLE IF EXISTS `dept`;
DROP TABLE IF EXISTS `dept_manager`;
DROP TABLE IF EXISTS `dic`;
DROP TABLE IF EXISTS `dic_item`;
DROP TABLE IF EXISTS `enterprise`;
DROP TABLE IF EXISTS `enterprise_manager`;
DROP TABLE IF EXISTS `enterprise_menu`;
DROP TABLE IF EXISTS `enterprise_user`;
DROP TABLE IF EXISTS `enterprise_user_position`;
DROP TABLE IF EXISTS `form`;
DROP TABLE IF EXISTS `form_button`;
DROP TABLE IF EXISTS `form_field`;
DROP TABLE IF EXISTS `form_ref`;
DROP TABLE IF EXISTS `magic_api_file`;
DROP TABLE IF EXISTS `menu_url`;
DROP TABLE IF EXISTS `page`;
DROP TABLE IF EXISTS `page_button`;
DROP TABLE IF EXISTS `page_query_field`;
DROP TABLE IF EXISTS `page_ref`;
DROP TABLE IF EXISTS `page_result_field`;
DROP TABLE IF EXISTS `position`;
DROP TABLE IF EXISTS `position_menu`;
DROP TABLE IF EXISTS `spring_session`;
DROP TABLE IF EXISTS `spring_session_attributes`;
DROP TABLE IF EXISTS `sys_file`;
DROP TABLE IF EXISTS `sys_menu`;
DROP TABLE IF EXISTS `user`;
CREATE TABLE `address_code` (
  `id` bigint(20) NOT NULL AUTO_INCREMENT COMMENT '主键',
  `code` varchar(20) DEFAULT NULL COMMENT '编号',
  `name` varchar(256) DEFAULT NULL COMMENT '名称',
  PRIMARY KEY (`id`) USING BTREE,
  KEY `address_code` (`code`) USING BTREE COMMENT '地址编号索引'
) ENGINE=InnoDB AUTO_INCREMENT=3476 DEFAULT CHARSET=utf8 COMMENT='地址编码';
CREATE TABLE `config` (
  `id` bigint(20) NOT NULL AUTO_INCREMENT COMMENT '主键',
  `code` varchar(20) DEFAULT NULL COMMENT '编号',
  `name` varchar(64) DEFAULT NULL COMMENT '名称',
  `value` longtext COMMENT '值',
  PRIMARY KEY (`id`) USING BTREE
) ENGINE=InnoDB AUTO_INCREMENT=2 DEFAULT CHARSET=utf8 COMMENT='配置';
CREATE TABLE `dept` (
  `id` bigint(20) NOT NULL AUTO_INCREMENT COMMENT '主键',
  `code` varchar(64) DEFAULT NULL COMMENT '部门编号',
  `name` varchar(64) DEFAULT NULL COMMENT '部门名称',
  `enterprise_id` bigint(20) DEFAULT NULL COMMENT '企业id',
  `parent_id` bigint(20) DEFAULT NULL COMMENT '父部门id',
  `dept_type` varchar(20) DEFAULT NULL COMMENT '部门类型',
  PRIMARY KEY (`id`) USING BTREE,
  KEY `dept_enterprise_id` (`enterprise_id`) USING BTREE COMMENT '部门-企业id索引',
  KEY `parent_id` (`parent_id`) USING BTREE COMMENT '部门-父部门索引',
  CONSTRAINT `dept_enterprise_id_fk` FOREIGN KEY (`enterprise_id`) REFERENCES `enterprise` (`id`) ON DELETE CASCADE ON UPDATE CASCADE,
  CONSTRAINT `dept_parent_id_fk` FOREIGN KEY (`parent_id`) REFERENCES `dept` (`id`) ON DELETE CASCADE ON UPDATE CASCADE
) ENGINE=InnoDB AUTO_INCREMENT=7 DEFAULT CHARSET=utf8 COMMENT='部门';
CREATE TABLE `dept_manager` (
  `id` bigint(20) NOT NULL AUTO_INCREMENT COMMENT '主键',
  `dept_id` bigint(20) DEFAULT NULL COMMENT '部门id',
  `enterprise_user_id` bigint(20) DEFAULT NULL COMMENT '企业人员id',
  PRIMARY KEY (`id`) USING BTREE,
  KEY `dept_manager_dept_id_fk` (`dept_id`) USING BTREE,
  KEY `dept_manager_enterprise_user_id_fk` (`enterprise_user_id`) USING BTREE,
  CONSTRAINT `dept_manager_dept_id_fk` FOREIGN KEY (`dept_id`) REFERENCES `dept` (`id`) ON DELETE CASCADE ON UPDATE CASCADE,
  CONSTRAINT `dept_manager_enterprise_user_id_fk` FOREIGN KEY (`enterprise_user_id`) REFERENCES `enterprise_user` (`id`) ON DELETE CASCADE ON UPDATE CASCADE
) ENGINE=InnoDB AUTO_INCREMENT=9 DEFAULT CHARSET=utf8 COMMENT='部门负责人';
CREATE TABLE `dic` (
  `id` bigint(20) NOT NULL AUTO_INCREMENT COMMENT '主键',
  `dic_code` varchar(64) DEFAULT NULL COMMENT '字典编号',
  `dic_name` varchar(64) DEFAULT NULL COMMENT '字典名称',
  PRIMARY KEY (`id`) USING BTREE
) ENGINE=InnoDB AUTO_INCREMENT=26 DEFAULT CHARSET=utf8 COMMENT='数据字典';
CREATE TABLE `dic_item` (
  `id` bigint(20) NOT NULL AUTO_INCREMENT COMMENT '主键',
  `parent_id` bigint(20) DEFAULT NULL COMMENT '字典id',
  `label` varchar(64) DEFAULT NULL COMMENT '字典标签',
  `value` varchar(64) DEFAULT NULL COMMENT '字典值',
  `seq` int(11) DEFAULT NULL COMMENT '排序',
  PRIMARY KEY (`id`) USING BTREE,
  KEY `dic_item_parent_id_fk` (`parent_id`) USING BTREE,
  CONSTRAINT `dic_item_parent_id_fk` FOREIGN KEY (`parent_id`) REFERENCES `dic` (`id`) ON DELETE CASCADE ON UPDATE CASCADE
) ENGINE=InnoDB AUTO_INCREMENT=123 DEFAULT CHARSET=utf8 COMMENT='字典明细';
CREATE TABLE `enterprise` (
  `id` bigint(20) NOT NULL AUTO_INCREMENT COMMENT '主键',
  `code` varchar(64) DEFAULT NULL COMMENT '编号',
  `name` varchar(1024) DEFAULT NULL COMMENT '名称',
  `logo` varchar(1024) DEFAULT NULL COMMENT 'logo',
  `address` varchar(1024) DEFAULT NULL COMMENT '地址',
  PRIMARY KEY (`id`) USING BTREE,
  KEY `enterprise_code` (`code`) USING BTREE COMMENT '企业编号'
) ENGINE=InnoDB AUTO_INCREMENT=5 DEFAULT CHARSET=utf8 COMMENT='企业';
CREATE TABLE `enterprise_manager` (
  `id` bigint(20) NOT NULL AUTO_INCREMENT COMMENT '主键',
  `enterprise_id` bigint(20) DEFAULT NULL COMMENT '企业id',
  `user_id` bigint(20) DEFAULT NULL COMMENT '人员id',
  PRIMARY KEY (`id`) USING BTREE,
  KEY `enterprise_manager_enterprise_id` (`enterprise_id`) USING BTREE COMMENT '企业负责人-企业id',
  KEY `enterprise_manager_user_id` (`user_id`) USING BTREE COMMENT '企业负责人-企业人员id',
  CONSTRAINT `enterprise_manager_enterprise_id_fk` FOREIGN KEY (`enterprise_id`) REFERENCES `enterprise` (`id`) ON DELETE CASCADE ON UPDATE CASCADE,
  CONSTRAINT `enterprise_manager_user_id_fk` FOREIGN KEY (`user_id`) REFERENCES `user` (`id`) ON DELETE CASCADE ON UPDATE CASCADE
) ENGINE=InnoDB AUTO_INCREMENT=8 DEFAULT CHARSET=utf8 COMMENT='企业负责人';
CREATE TABLE `enterprise_menu` (
  `id` bigint(20) NOT NULL AUTO_INCREMENT COMMENT '主键',
  `enterprise_id` bigint(20) DEFAULT NULL COMMENT '企业id',
  `menu_id` bigint(20) DEFAULT NULL COMMENT '菜单id',
  PRIMARY KEY (`id`) USING BTREE,
  KEY `enterprise_menu_enterprise_id` (`enterprise_id`) USING BTREE COMMENT '企业菜单_企业id索引',
  KEY `enterprise_menu_menu_id` (`menu_id`) USING BTREE COMMENT '企业菜单_菜单id索引',
  CONSTRAINT `enterprise_menu_enterprise_id_fk` FOREIGN KEY (`enterprise_id`) REFERENCES `enterprise` (`id`) ON DELETE CASCADE ON UPDATE CASCADE,
  CONSTRAINT `enterprise_menu_menu_id_fk` FOREIGN KEY (`menu_id`) REFERENCES `sys_menu` (`id`) ON DELETE CASCADE ON UPDATE CASCADE
) ENGINE=InnoDB AUTO_INCREMENT=2018 DEFAULT CHARSET=utf8 COMMENT='企业菜单';
CREATE TABLE `enterprise_user` (
  `id` bigint(20) NOT NULL AUTO_INCREMENT COMMENT '主键',
  `enterprise_id` bigint(20) DEFAULT NULL COMMENT '企业id',
  `user_id` bigint(20) DEFAULT NULL COMMENT '用户id',
  `dept_id` bigint(20) DEFAULT NULL COMMENT '部门id',
  PRIMARY KEY (`id`) USING BTREE,
  KEY `enterprise_user_enterprise_id` (`enterprise_id`) USING BTREE COMMENT '企业用户-企业id索引',
  KEY `enterprise_user_user_id` (`user_id`) USING BTREE COMMENT '企业用户-用户id索引',
  KEY `enterprise_user_org_id` (`dept_id`) USING BTREE COMMENT '企业用户-部门id索引',
  CONSTRAINT `enterprise_user_enterprise_id_fk` FOREIGN KEY (`enterprise_id`) REFERENCES `enterprise` (`id`) ON DELETE CASCADE ON UPDATE CASCADE,
  CONSTRAINT `enterprise_user_user_id_fk` FOREIGN KEY (`user_id`) REFERENCES `user` (`id`) ON DELETE CASCADE ON UPDATE CASCADE
) ENGINE=InnoDB AUTO_INCREMENT=3 DEFAULT CHARSET=utf8 COMMENT='企业用户';
CREATE TABLE `enterprise_user_position` (
  `id` bigint(20) NOT NULL AUTO_INCREMENT COMMENT '主键',
  `enterprise_user_id` bigint(20) DEFAULT NULL COMMENT '企业用户id',
  `position_id` bigint(20) DEFAULT NULL COMMENT '岗位id',
  PRIMARY KEY (`id`) USING BTREE,
  KEY `enterprise_user_position_user_id` (`enterprise_user_id`) USING BTREE COMMENT '企业用户岗位-用户id索引',
  KEY `enterprise_user_position_position_id` (`position_id`) USING BTREE COMMENT '企业用户岗位-岗位id索引',
  CONSTRAINT `enterprise_user_position_enterprise_user_id_fk` FOREIGN KEY (`enterprise_user_id`) REFERENCES `enterprise_user` (`id`) ON DELETE CASCADE ON UPDATE CASCADE,
  CONSTRAINT `enterprise_user_position_position_id_fk` FOREIGN KEY (`position_id`) REFERENCES `position` (`id`) ON DELETE CASCADE ON UPDATE CASCADE
) ENGINE=InnoDB AUTO_INCREMENT=4 DEFAULT CHARSET=utf8 COMMENT='企业用户岗位';
CREATE TABLE `form` (
  `id` bigint(20) NOT NULL AUTO_INCREMENT COMMENT '主键',
  `code` varchar(64) NOT NULL COMMENT '编号',
  `name` varchar(64) NOT NULL COMMENT '名称',
  `table_name` varchar(64) DEFAULT NULL COMMENT '主表',
  `init_api` varchar(1024) DEFAULT NULL COMMENT '初始化接口',
  `api` varchar(1024) DEFAULT NULL COMMENT '保存接口',
  `size` varchar(20) DEFAULT NULL COMMENT '窗口大小',
  `field_width` int(11) DEFAULT NULL COMMENT '字段宽度',
  `disabled` varchar(20) NOT NULL COMMENT '是否只读',
  `init_sql` longtext COMMENT '初始化sql',
  `before_api` varchar(1024) DEFAULT NULL COMMENT '前置接口',
  `after_api` varchar(1024) DEFAULT NULL COMMENT '后置接口',
  PRIMARY KEY (`id`) USING BTREE,
  KEY `form_code` (`code`) USING BTREE COMMENT '表单编号索引',
  KEY `form_table_name` (`table_name`) USING BTREE COMMENT '表单主表索引'
) ENGINE=InnoDB AUTO_INCREMENT=56 DEFAULT CHARSET=utf8 COMMENT='表单';
CREATE TABLE `form_button` (
  `id` bigint(20) NOT NULL AUTO_INCREMENT COMMENT '主键',
  `form_id` bigint(20) DEFAULT NULL COMMENT '表单id',
  `label` varchar(20) DEFAULT NULL COMMENT '按钮名称',
  `option_type` varchar(20) DEFAULT NULL COMMENT '操作类型',
  `option_value` varchar(1024) DEFAULT NULL COMMENT '操作配置',
  `level` varchar(20) DEFAULT NULL COMMENT '按钮级别',
  `confirm_text` varchar(64) DEFAULT NULL COMMENT '二次确认提示',
  `seq` int(11) DEFAULT NULL COMMENT '序号',
  `js_rule` varchar(1024) DEFAULT NULL COMMENT '按钮禁用规则',
  `close` varchar(20) DEFAULT NULL COMMENT '关闭弹出层',
  `code` varchar(256) DEFAULT NULL COMMENT '按钮编号',
  PRIMARY KEY (`id`) USING BTREE,
  KEY `form_button_form_id_fk` (`form_id`) USING BTREE,
  CONSTRAINT `form_button_form_id_fk` FOREIGN KEY (`form_id`) REFERENCES `form` (`id`) ON DELETE CASCADE ON UPDATE CASCADE
) ENGINE=InnoDB AUTO_INCREMENT=31 DEFAULT CHARSET=utf8 COMMENT='表单按钮';
CREATE TABLE `form_field` (
  `id` bigint(20) NOT NULL AUTO_INCREMENT COMMENT '主键',
  `form_id` bigint(20) DEFAULT NULL COMMENT '表单id',
  `field` varchar(64) DEFAULT NULL COMMENT '字段',
  `label` varchar(64) DEFAULT NULL COMMENT '注释',
  `width` int(11) DEFAULT NULL COMMENT '宽度',
  `type` varchar(20) DEFAULT NULL COMMENT '类型',
  `format` varchar(256) DEFAULT NULL COMMENT '格式化',
  `hidden` varchar(20) DEFAULT NULL COMMENT '是否隐藏',
  `seq` int(11) DEFAULT NULL COMMENT '序号',
  `value` varchar(64) DEFAULT NULL COMMENT '默认值',
  `multi` varchar(20) DEFAULT NULL COMMENT '是否多选',
  `must` varchar(20) DEFAULT NULL COMMENT '是否必填',
  `disabled` varchar(20) DEFAULT NULL COMMENT '是否只读',
  `component_type` varchar(20) DEFAULT NULL COMMENT '组件类型',
  `check_repeat_type` varchar(20) DEFAULT NULL COMMENT '校验重复类型',
  `check_repeat_config` varchar(1024) DEFAULT NULL COMMENT '校验重复配置',
  `check_repeat_tip` varchar(1024) DEFAULT NULL COMMENT '校验重复提示',
  `validations` varchar(1024) DEFAULT NULL COMMENT '表单项校验',
  `option_sql` longtext COMMENT '选项sql',
  `label_remark` varchar(256) DEFAULT NULL COMMENT '标签提示',
  PRIMARY KEY (`id`) USING BTREE,
  KEY `form_field_form_id_fk` (`form_id`) USING BTREE,
  CONSTRAINT `form_field_form_id_fk` FOREIGN KEY (`form_id`) REFERENCES `form` (`id`) ON DELETE CASCADE ON UPDATE CASCADE
) ENGINE=InnoDB AUTO_INCREMENT=1450 DEFAULT CHARSET=utf8 COMMENT='表单字段';
CREATE TABLE `form_ref` (
  `id` bigint(20) NOT NULL AUTO_INCREMENT COMMENT '主键',
  `form_id` bigint(20) DEFAULT NULL COMMENT '表单id',
  `ref_page_code` varchar(64) DEFAULT NULL COMMENT '关联页面编号',
  `ref_field` varchar(64) DEFAULT NULL COMMENT '关联字段',
  `seq` int(11) DEFAULT NULL COMMENT '序号',
  PRIMARY KEY (`id`) USING BTREE,
  KEY `form_ref_form_id_fk` (`form_id`) USING BTREE,
  CONSTRAINT `form_ref_form_id_fk` FOREIGN KEY (`form_id`) REFERENCES `form` (`id`) ON DELETE CASCADE ON UPDATE CASCADE
) ENGINE=InnoDB AUTO_INCREMENT=33 DEFAULT CHARSET=utf8 COMMENT='表单关联';
CREATE TABLE `magic_api_file` (
  `file_path` varchar(512) NOT NULL COMMENT '路径',
  `file_content` mediumtext COMMENT '内容',
  PRIMARY KEY (`file_path`) USING BTREE
) ENGINE=InnoDB DEFAULT CHARSET=utf8 COMMENT='magic-api存储';
CREATE TABLE `menu_url` (
  `id` bigint(20) NOT NULL AUTO_INCREMENT COMMENT '主键',
  `menu_id` bigint(20) DEFAULT NULL COMMENT '菜单id',
  `url` varchar(1024) NOT NULL COMMENT 'url',
  `name` varchar(64) DEFAULT NULL COMMENT '名称',
  PRIMARY KEY (`id`) USING BTREE
) ENGINE=InnoDB AUTO_INCREMENT=556 DEFAULT CHARSET=utf8 COMMENT='菜单url';
CREATE TABLE `page` (
  `id` bigint(20) NOT NULL AUTO_INCREMENT COMMENT '主键',
  `code` varchar(64) DEFAULT NULL COMMENT '编码',
  `query_sql` longtext COMMENT '查询sql',
  `page_type` varchar(20) DEFAULT NULL COMMENT '页面类型',
  `order_by` varchar(256) DEFAULT NULL COMMENT '排序',
  `js` longtext COMMENT 'js脚本',
  `name` varchar(20) NOT NULL COMMENT '名称',
  `label_field` varchar(64) DEFAULT NULL COMMENT '名称字段',
  `value_field` varchar(64) DEFAULT NULL COMMENT '值字段',
  `width` int(11) DEFAULT NULL COMMENT '宽度',
  `before_api` varchar(1024) DEFAULT NULL COMMENT '前置接口',
  `open_page` varchar(20) DEFAULT NULL COMMENT '是否开启分页',
  PRIMARY KEY (`id`) USING BTREE,
  KEY `code` (`code`) USING BTREE COMMENT '编码索引'
) ENGINE=InnoDB AUTO_INCREMENT=60 DEFAULT CHARSET=utf8 COMMENT='页面';
CREATE TABLE `page_button` (
  `id` bigint(20) NOT NULL AUTO_INCREMENT COMMENT '主键',
  `page_id` bigint(20) DEFAULT NULL COMMENT '页面id',
  `label` varchar(20) DEFAULT NULL COMMENT '按钮名称',
  `button_location` varchar(20) DEFAULT NULL COMMENT '按钮位置',
  `option_type` varchar(20) DEFAULT NULL COMMENT '操作类型',
  `option_value` varchar(1024) DEFAULT NULL COMMENT '操作配置',
  `level` varchar(20) DEFAULT NULL COMMENT '按钮级别',
  `confirm_text` varchar(64) DEFAULT NULL COMMENT '二次确认提示',
  `seq` int(11) DEFAULT NULL COMMENT '序号',
  `js_rule` varchar(1024) DEFAULT NULL COMMENT '按钮禁用规则',
  `code` varchar(256) DEFAULT NULL COMMENT '按钮编号',
  PRIMARY KEY (`id`) USING BTREE,
  KEY `page_button_page_id` (`page_id`) USING BTREE COMMENT '页面id索引',
  CONSTRAINT `page_button_page_id_fk` FOREIGN KEY (`page_id`) REFERENCES `page` (`id`) ON DELETE CASCADE ON UPDATE CASCADE
) ENGINE=InnoDB AUTO_INCREMENT=858 DEFAULT CHARSET=utf8 COMMENT='页面按钮';
CREATE TABLE `page_query_field` (
  `id` bigint(20) NOT NULL AUTO_INCREMENT COMMENT '主键',
  `page_id` bigint(20) DEFAULT NULL COMMENT '页面id',
  `field` varchar(64) DEFAULT NULL COMMENT '字段',
  `label` varchar(64) DEFAULT NULL COMMENT '标签',
  `value` varchar(1024) DEFAULT NULL COMMENT '默认值',
  `opt` varchar(20) DEFAULT NULL COMMENT '操作符',
  `hidden` varchar(20) DEFAULT NULL COMMENT '是否隐藏',
  `must` varchar(20) DEFAULT NULL COMMENT '是否必填',
  `type` varchar(20) DEFAULT NULL COMMENT '类型',
  `format` varchar(64) DEFAULT NULL COMMENT '格式化',
  `date_express` varchar(64) DEFAULT NULL COMMENT '日期表达式',
  `option_sql` longtext COMMENT '选项查询sql',
  `seq` bigint(20) DEFAULT NULL COMMENT '序号',
  `width` int(11) DEFAULT NULL COMMENT '宽度',
  `component_type` varchar(20) DEFAULT NULL COMMENT '组件类型',
  `multi` varchar(20) DEFAULT NULL COMMENT '是否多选',
  `ref` varchar(20) DEFAULT NULL COMMENT '是否关联字段',
  `label_remark` varchar(256) DEFAULT NULL COMMENT '标签提示',
  PRIMARY KEY (`id`) USING BTREE,
  KEY `page_query_field_page_id_fk` (`page_id`) USING BTREE,
  CONSTRAINT `page_query_field_page_id_fk` FOREIGN KEY (`page_id`) REFERENCES `page` (`id`) ON DELETE CASCADE ON UPDATE CASCADE
) ENGINE=InnoDB AUTO_INCREMENT=870 DEFAULT CHARSET=utf8 COMMENT='页面查询字段';
CREATE TABLE `page_ref` (
  `id` bigint(20) NOT NULL AUTO_INCREMENT COMMENT '主键',
  `ref_type` varchar(64) NOT NULL COMMENT '关联类型',
  `ref_field` varchar(64) NOT NULL COMMENT '关联字段',
  `ref_page_code` varchar(1024) NOT NULL COMMENT '关联页面编号',
  `seq` int(11) NOT NULL COMMENT '序号',
  `page_id` bigint(20) NOT NULL COMMENT '页面id',
  `ref_name` varchar(64) DEFAULT NULL COMMENT '名称',
  PRIMARY KEY (`id`) USING BTREE,
  KEY `page_ref_page_id_fk` (`page_id`) USING BTREE,
  CONSTRAINT `page_ref_page_id_fk` FOREIGN KEY (`page_id`) REFERENCES `page` (`id`) ON DELETE CASCADE ON UPDATE CASCADE
) ENGINE=InnoDB AUTO_INCREMENT=22 DEFAULT CHARSET=utf8 COMMENT='页面关联';
CREATE TABLE `page_result_field` (
  `id` bigint(20) NOT NULL AUTO_INCREMENT COMMENT '主键',
  `page_id` bigint(20) DEFAULT NULL COMMENT '页面id',
  `field` varchar(64) DEFAULT NULL COMMENT '字段',
  `label` varchar(64) DEFAULT NULL COMMENT '注释',
  `width` int(11) DEFAULT NULL COMMENT '宽度',
  `type` varchar(20) DEFAULT NULL COMMENT '类型',
  `format` varchar(64) DEFAULT NULL COMMENT '格式化',
  `hidden` varchar(20) DEFAULT NULL COMMENT '是否隐藏',
  `seq` int(11) NOT NULL COMMENT '序号',
  PRIMARY KEY (`id`) USING BTREE,
  KEY `page_result_field_page_id_fk` (`page_id`) USING BTREE,
  CONSTRAINT `page_result_field_page_id_fk` FOREIGN KEY (`page_id`) REFERENCES `page` (`id`) ON DELETE CASCADE ON UPDATE CASCADE
) ENGINE=InnoDB AUTO_INCREMENT=2375 DEFAULT CHARSET=utf8 COMMENT='页面查询结果';
CREATE TABLE `position` (
  `id` bigint(20) NOT NULL AUTO_INCREMENT COMMENT '主键',
  `code` varchar(64) NOT NULL COMMENT '岗位编号',
  `name` varchar(64) NOT NULL COMMENT '岗位名称',
  `position_type` varchar(20) NOT NULL COMMENT '岗位类型',
  `enterprise_id` bigint(20) DEFAULT NULL COMMENT '企业id',
  PRIMARY KEY (`id`) USING BTREE,
  KEY `position_code` (`code`) USING BTREE COMMENT '岗位编号索引',
  KEY `position_enterprise_id` (`enterprise_id`) USING BTREE COMMENT '企业id索引',
  KEY `position_type` (`position_type`) USING BTREE COMMENT '岗位类型索引',
  CONSTRAINT `position_enterprise_id_fk` FOREIGN KEY (`enterprise_id`) REFERENCES `enterprise` (`id`) ON DELETE CASCADE ON UPDATE CASCADE
) ENGINE=InnoDB AUTO_INCREMENT=6 DEFAULT CHARSET=utf8 COMMENT='岗位';
CREATE TABLE `position_menu` (
  `id` bigint(20) NOT NULL AUTO_INCREMENT COMMENT '主键',
  `position_id` bigint(20) DEFAULT NULL COMMENT '岗位id',
  `enterprise_id` bigint(20) DEFAULT NULL COMMENT '企业id',
  `menu_id` bigint(20) DEFAULT NULL COMMENT '菜单id',
  PRIMARY KEY (`id`) USING BTREE,
  KEY `position_menu_position_id` (`position_id`) USING BTREE COMMENT '岗位菜单_岗位id索引',
  KEY `position_menu_enterprise_id` (`enterprise_id`) USING BTREE COMMENT '岗位菜单_企业id索引',
  KEY `position_menu_menu_id` (`menu_id`) USING BTREE COMMENT '岗位菜单_菜单id索引',
  CONSTRAINT `position_menu_enterprise_id_fk` FOREIGN KEY (`enterprise_id`) REFERENCES `enterprise` (`id`) ON DELETE CASCADE ON UPDATE CASCADE,
  CONSTRAINT `position_menu_menu_id_fk` FOREIGN KEY (`menu_id`) REFERENCES `sys_menu` (`id`) ON DELETE CASCADE ON UPDATE CASCADE,
  CONSTRAINT `position_menu_position_id_fk` FOREIGN KEY (`position_id`) REFERENCES `position` (`id`) ON DELETE CASCADE ON UPDATE CASCADE
) ENGINE=InnoDB AUTO_INCREMENT=167 DEFAULT CHARSET=utf8 COMMENT='岗位菜单';
CREATE TABLE `spring_session` (
  `PRIMARY_ID` char(36) NOT NULL,
  `SESSION_ID` char(36) NOT NULL,
  `CREATION_TIME` bigint(20) NOT NULL,
  `LAST_ACCESS_TIME` bigint(20) NOT NULL,
  `MAX_INACTIVE_INTERVAL` int(11) NOT NULL,
  `EXPIRY_TIME` bigint(20) NOT NULL,
  `PRINCIPAL_NAME` varchar(100) DEFAULT NULL,
  PRIMARY KEY (`PRIMARY_ID`) USING BTREE,
  UNIQUE KEY `SPRING_SESSION_IX1` (`SESSION_ID`) USING BTREE,
  KEY `SPRING_SESSION_IX2` (`EXPIRY_TIME`) USING BTREE,
  KEY `SPRING_SESSION_IX3` (`PRINCIPAL_NAME`) USING BTREE
) ENGINE=InnoDB DEFAULT CHARSET=utf8;
CREATE TABLE `spring_session_attributes` (
  `SESSION_PRIMARY_ID` char(36) NOT NULL,
  `ATTRIBUTE_NAME` varchar(200) NOT NULL,
  `ATTRIBUTE_BYTES` blob NOT NULL,
  PRIMARY KEY (`SESSION_PRIMARY_ID`,`ATTRIBUTE_NAME`) USING BTREE,
  CONSTRAINT `SPRING_SESSION_ATTRIBUTES_FK` FOREIGN KEY (`SESSION_PRIMARY_ID`) REFERENCES `spring_session` (`PRIMARY_ID`) ON DELETE CASCADE
) ENGINE=InnoDB DEFAULT CHARSET=utf8;
CREATE TABLE `sys_file` (
  `id` bigint(20) NOT NULL AUTO_INCREMENT COMMENT '主键',
  `file_name` varchar(256) DEFAULT NULL COMMENT '文件名',
  `suffix` varchar(20) DEFAULT NULL COMMENT '文件后缀',
  `size` bigint(20) DEFAULT NULL COMMENT '文件大小',
  `path` varchar(1024) DEFAULT NULL COMMENT '路径',
  `upload_time` datetime DEFAULT NULL COMMENT '上传时间',
  `content_type` varchar(256) DEFAULT NULL COMMENT '文件类型',
  PRIMARY KEY (`id`) USING BTREE
) ENGINE=InnoDB AUTO_INCREMENT=42 DEFAULT CHARSET=utf8 COMMENT='系统文件';
CREATE TABLE `sys_menu` (
  `id` bigint(20) NOT NULL AUTO_INCREMENT COMMENT '主键',
  `parent_id` bigint(20) DEFAULT NULL COMMENT '父菜单',
  `menu_code` varchar(64) DEFAULT NULL COMMENT '菜单编号',
  `menu_name` varchar(256) DEFAULT NULL COMMENT '菜单名称',
  `menu_type` varchar(20) DEFAULT NULL COMMENT '菜单类型',
  `url` varchar(1024) DEFAULT NULL COMMENT '菜单地址',
  `seq` int(11) DEFAULT NULL COMMENT '序号',
  `icon` varchar(64) DEFAULT NULL COMMENT '图标',
  `whether_button` varchar(20) DEFAULT NULL COMMENT '是否按钮',
  PRIMARY KEY (`id`) USING BTREE,
  KEY `sys_menu_parent_id_fk` (`parent_id`) USING BTREE,
  CONSTRAINT `sys_menu_parent_id_fk` FOREIGN KEY (`parent_id`) REFERENCES `sys_menu` (`id`) ON DELETE CASCADE ON UPDATE CASCADE
) ENGINE=InnoDB AUTO_INCREMENT=177 DEFAULT CHARSET=utf8 COMMENT='系统菜单';
CREATE TABLE `user` (
  `id` bigint(20) NOT NULL AUTO_INCREMENT COMMENT '主键',
  `user_code` varchar(64) DEFAULT NULL COMMENT '用户编号',
  `name` varchar(64) DEFAULT NULL COMMENT '姓名',
  `mobile` varchar(64) DEFAULT NULL COMMENT '手机号',
  `password` varchar(64) DEFAULT NULL COMMENT '密码',
  `salt` varchar(64) DEFAULT NULL COMMENT '密码盐',
  `create_time` datetime DEFAULT NULL COMMENT '创建时间',
  `update_time` datetime DEFAULT NULL COMMENT '更新时间',
  `avatar` varchar(1024) DEFAULT NULL COMMENT '头像',
  `user_type` varchar(20) DEFAULT NULL COMMENT '用户类型',
  `user_status` varchar(20) DEFAULT NULL COMMENT '用户状态',
  `other_files` varchar(1024) DEFAULT NULL COMMENT '附件列表',
  PRIMARY KEY (`id`) USING BTREE,
  KEY `user_user_code` (`user_code`) USING BTREE COMMENT '用户编号'
) ENGINE=InnoDB AUTO_INCREMENT=4 DEFAULT CHARSET=utf8 COMMENT='用户';
BEGIN;
LOCK TABLES `address_code` WRITE;
DELETE FROM `address_code`;
INSERT INTO `address_code` (`id`,`code`,`name`) VALUES (1, '130000', '河北省'),(2, '230000', '黑龙江省'),(3, '210000', '辽宁省'),(4, '150000', '内蒙古自治区'),(5, '370000', '山东省'),(6, '140000', '山西省'),(7, '310000', '上海市'),(8, '120000', '天津市'),(9, '650000', '新疆维吾尔自治区'),(10, '220000', '吉林省'),(11, '620000', '甘肃省'),(12, '420000', '湖北省'),(13, '360000', '江西省'),(14, '350000', '福建省'),(15, '630000', '青海省'),(16, '610000', '陕西省'),(17, '510000', '四川省'),(18, '530000', '云南省'),(19, '410000', '河南省'),(20, '520000', '贵州省'),(21, '430000', '湖南省'),(22, '710000', '台湾省'),(23, '320000', '江苏省'),(24, '540000', '西藏自治区'),(25, '500000', '重庆市'),(26, '340000', '安徽省'),(27, '640000', '宁夏回族自治区'),(28, '110000', '北京市'),(29, '450000', '广西壮族自治区'),(30, '440000', '广东省'),(31, '460000', '海南省'),(32, '330000', '浙江省'),(33, '820000', '澳门'),(34, '810000', '香港'),(35, '990000', '苏鲁交界'),(36, '130100', '河北省石家庄市'),(37, '232700', '黑龙江省大兴安岭地区'),(38, '210500', '辽宁省本溪市'),(39, '211300', '辽宁省朝阳市'),(40, '210600', '辽宁省丹东市'),(41, '210400', '辽宁省抚顺市'),(42, '210900', '辽宁省阜新市'),(43, '211400', '辽宁省葫芦岛市'),(44, '210700', '辽宁省锦州市'),(45, '211100', '辽宁省盘锦市'),(46, '211200', '辽宁省铁岭市'),(47, '210800', '辽宁省营口市'),(48, '210300', '辽宁省鞍山市'),(49, '210200', '辽宁省大连市'),(50, '211000', '辽宁省辽阳市'),(51, '150800', '内蒙古自治区巴彦淖尔市'),(52, '150200', '内蒙古自治区包头市'),(53, '150700', '内蒙古自治区呼伦贝尔市'),(54, '150500', '内蒙古自治区通辽市'),(55, '152500', '内蒙古自治区锡林郭勒盟'),(56, '150100', '内蒙古自治区呼和浩特市'),(57, '152900', '内蒙古自治区阿拉善盟'),(58, '371100', '山东省日照市'),(59, '370200', '山东省青岛市'),(60, '370100', '山东省济南市'),(61, '370700', '山东省潍坊市'),(62, '370800', '山东省济宁市'),(63, '140300', '山西省阳泉市'),(64, '310100', '上海市'),(65, '120100', '天津市'),(66, '652800', '新疆维吾尔自治区巴音郭楞蒙古自治州'),(67, '652700', '新疆维吾尔自治区博尔塔拉蒙古自治州'),(68, '652300', '新疆维吾尔自治区昌吉回族自治州'),(69, '650500', '新疆维吾尔自治区哈密市'),(70, '653200', '新疆维吾尔自治区和田地区'),(71, '653100', '新疆维吾尔自治区喀什地区'),(72, '654200', '新疆维吾尔自治区塔城地区'),(73, '654300', '新疆维吾尔自治区阿勒泰地区'),(74, '659000', '新疆维吾尔自治区胡杨河市'),(75, '654000', '新疆维吾尔自治区伊犁哈萨克自治州'),(76, '222400', '吉林省延边朝鲜族自治州'),(77, '220500', '吉林省通化市'),(78, '220700', '吉林省松原市'),(79, '220100', '吉林省长春市'),(80, '220300', '吉林省四平市'),(81, '220400', '吉林省辽源市'),(82, '220800', '吉林省白城市'),(83, '220200', '吉林省吉林市'),(84, '620500', '甘肃省天水市'),(85, '621100', '甘肃省定西市'),(86, '621000', '甘肃省庆阳市'),(87, '623000', '甘肃省甘南藏族自治州'),(88, '620900', '甘肃省酒泉市'),(89, '620700', '甘肃省张掖市'),(90, '620300', '甘肃省金昌市'),(91, '620600', '甘肃省武威市'),(92, '620100', '甘肃省兰州市'),(93, '620400', '甘肃省白银市'),(94, '620800', '甘肃省平凉市'),(95, '621200', '甘肃省陇南市'),(96, '620200', '甘肃省嘉峪关市'),(97, '429004', '湖北省仙桃市'),(98, '360200', '江西省景德镇市'),(99, '350900', '福建省宁德市'),(100, '632200', '青海省海北藏族自治州'),(101, '630200', '青海省海东市'),(102, '632500', '青海省海南藏族自治州'),(103, '632800', '青海省海西蒙古族藏族自治州'),(104, '632300', '青海省黄南藏族自治州'),(105, '630100', '青海省西宁市'),(106, '632600', '青海省果洛藏族自治州'),(107, '632700', '青海省玉树藏族自治州'),(108, '610600', '陕西省延安市'),(109, '610800', '陕西省榆林市'),(110, '610100', '陕西省西安市'),(111, '610200', '陕西省铜川市'),(112, '510800', '四川省广元市'),(113, '511900', '四川省巴中市'),(114, '511700', '四川省达州市'),(115, '510700', '四川省绵阳市'),(116, '511500', '四川省宜宾市'),(117, '511400', '四川省眉山市'),(118, '513400', '四川省凉山彝族自治州'),(119, '511100', '四川省乐山市'),(120, '510300', '四川省自贡市'),(121, '532900', '云南省大理白族自治州'),(122, '532600', '云南省文山壮族苗族自治州'),(123, '530900', '云南省临沧市'),(124, '532800', '云南省西双版纳傣族自治州'),(125, '533300', '云南省怒江傈僳族自治州'),(126, '410600', '河南省鹤壁市'),(127, '410800', '河南省焦作市'),(128, '410200', '河南省开封市'),(129, '411100', '河南省漯河市'),(130, '411300', '河南省南阳市'),(131, '410400', '河南省平顶山市'),(132, '411200', '河南省三门峡市'),(133, '411400', '河南省商丘市'),(134, '419001', '河南省济源市'),(135, '410700', '河南省新乡市'),(136, '411500', '河南省信阳市'),(137, '410100', '河南省郑州市'),(138, '410500', '河南省安阳市'),(139, '410300', '河南省洛阳市'),(140, '520500', '贵州省毕节市'),(141, '430200', '湖南省株洲市'),(142, '430300', '湖南省湘潭市'),(143, '430600', '湖南省岳阳市'),(144, '430100', '湖南省长沙市'),(145, '433100', '湖南省湘西土家族苗族自治州'),(146, '430700', '湖南省常德市'),(147, '430400', '湖南省衡阳市'),(148, '431300', '湖南省娄底市'),(149, '431200', '湖南省怀化市'),(150, '431000', '湖南省郴州市'),(151, '430900', '湖南省益阳市'),(152, '659009', '新疆维吾尔自治区昆玉市'),(153, '719003', '台湾省嘉义市'),(154, '710600', '台湾省桃园市'),(155, '710100', '台湾省台北市'),(156, '710400', '台湾省台中市'),(157, '710300', '台湾省新北市'),(158, '710500', '台湾省台南市'),(159, '710200', '台湾省高雄市'),(160, '719002', '台湾省新竹市'),(161, '719010', '台湾省嘉义县'),(162, '719008', '台湾省云林县'),(163, '719011', '台湾省屏东县'),(164, '719009', '台湾省南投县'),(165, '719013', '台湾省花莲县'),(166, '719007', '台湾省彰化县'),(167, '719012', '台湾省台东县'),(168, '719005', '台湾省宜兰县'),(169, '719006', '台湾省苗栗县'),(170, '719004', '台湾省新竹县'),(171, '320200', '江苏省无锡市'),(172, '210100', '辽宁省沈阳市'),(173, '431100', '湖南省永州市'),(174, '130400', '河北省邯郸市'),(175, '320500', '江苏省苏州市'),(176, '430800', '湖南省张家界市'),(177, '411700', '河南省驻马店市'),(178, '320400', '江苏省常州市'),(179, '320300', '江苏省徐州市'),(180, '320800', '江苏省淮安市'),(181, '321000', '江苏省扬州市'),(182, '320900', '江苏省盐城市'),(183, '320700', '江苏省连云港市'),(184, '321300', '江苏省宿迁市'),(185, '320100', '江苏省南京市'),(186, '321100', '江苏省镇江市'),(187, '321200', '江苏省泰州市'),(188, '320600', '江苏省南通市'),(189, '430500', '湖南省邵阳市'),(190, '411600', '河南省周口市'),(191, '411000', '河南省许昌市'),(192, '410900', '河南省濮阳市'),(193, '360100', '江西省南昌市'),(194, '361000', '江西省抚州市'),(195, '360500', '江西省新余市'),(196, '360300', '江西省萍乡市'),(197, '140500', '山西省晋城市'),(198, '652900', '新疆维吾尔自治区阿克苏地区'),(199, '510100', '四川省成都市'),(200, '511800', '四川省雅安市'),(201, '510600', '四川省德阳市'),(202, '659002', '新疆维吾尔自治区阿拉尔市'),(203, '653000', '新疆维吾尔自治区克孜勒苏柯尔克孜自治州'),(204, '659005', '新疆维吾尔自治区北屯市'),(205, '513200', '四川省阿坝藏族羌族自治州'),(206, '513300', '四川省甘孜藏族自治州'),(207, '511300', '四川省南充市'),(208, '150400', '内蒙古自治区赤峰市'),(209, '150600', '内蒙古自治区鄂尔多斯市'),(210, '540100', '西藏自治区拉萨市'),(211, '540300', '西藏自治区昌都市'),(212, '540400', '西藏自治区林芝市'),(213, '360400', '江西省九江市'),(214, '659006', '新疆维吾尔自治区铁门关市'),(215, '420300', '湖北省十堰市'),(216, '610900', '陕西省安康市'),(217, '611000', '陕西省商洛市'),(218, '420600', '湖北省襄阳市'),(219, '429021', '湖北省神农架林区'),(220, '610400', '陕西省咸阳市'),(221, '610300', '陕西省宝鸡市'),(222, '610700', '陕西省汉中市'),(223, '610500', '陕西省渭南市'),(224, '421200', '湖北省咸宁市'),(225, '422800', '湖北省恩施土家族苗族自治州'),(226, '141000', '山西省临汾市'),(227, '140200', '山西省大同市'),(228, '140400', '山西省长治市'),(229, '420900', '湖北省孝感市'),(230, '429006', '湖北省天门市'),(231, '420800', '湖北省荆门市'),(232, '420500', '湖北省宜昌市'),(233, '420100', '湖北省武汉市'),(234, '429005', '湖北省潜江市'),(235, '421000', '湖北省荆州市'),(236, '719014', '台湾省澎湖县'),(237, '141100', '山西省吕梁市'),(238, '140100', '山西省太原市'),(239, '140700', '山西省晋中市'),(240, '140600', '山西省朔州市'),(241, '140800', '山西省运城市'),(242, '361100', '江西省上饶市'),(243, '540500', '西藏自治区山南市'),(244, '540200', '西藏自治区日喀则市'),(245, '540600', '西藏自治区那曲市'),(246, '542500', '西藏自治区阿里地区'),(247, '420700', '湖北省鄂州市'),(248, '421300', '湖北省随州市'),(249, '421100', '湖北省黄冈市'),(250, '420200', '湖北省黄石市'),(251, '500100', '重庆市'),(252, '500200', '重庆市'),(253, '371700', '山东省菏泽市'),(254, '152200', '内蒙古自治区兴安盟'),(255, '140900', '山西省忻州市'),(256, '350300', '福建省莆田市'),(257, '360800', '江西省吉安市'),(258, '360900', '江西省宜春市'),(259, '360700', '江西省赣州市'),(260, '360600', '江西省鹰潭市'),(261, '511600', '四川省广安市'),(262, '510500', '四川省泸州市'),(263, '511000', '四川省内江市'),(264, '510400', '四川省攀枝花市'),(265, '510900', '四川省遂宁市'),(266, '512000', '四川省资阳市'),(267, '659008', '新疆维吾尔自治区可克达拉市'),(268, '370600', '山东省烟台市'),(269, '650100', '新疆维吾尔自治区乌鲁木齐市'),(270, '650400', '新疆维吾尔自治区吐鲁番市'),(271, '650200', '新疆维吾尔自治区克拉玛依市'),(272, '659004', '新疆维吾尔自治区五家渠市'),(273, '659001', '新疆维吾尔自治区石河子市'),(274, '659003', '新疆维吾尔自治区图木舒克市'),(275, '659007', '新疆维吾尔自治区双河市'),(276, '350400', '福建省三明市'),(277, '350500', '福建省泉州市'),(278, '350800', '福建省龙岩市'),(279, '350100', '福建省福州市'),(280, '350700', '福建省南平市'),(281, '350200', '福建省厦门市'),(282, '350600', '福建省漳州市'),(283, '150900', '内蒙古自治区乌兰察布市'),(284, '150300', '内蒙古自治区乌海市'),(285, '220600', '吉林省白山市'),(286, '371600', '山东省滨州市'),(287, '371400', '山东省德州市'),(288, '370300', '山东省淄博市'),(289, '370400', '山东省枣庄市'),(290, '370900', '山东省泰安市'),(291, '371500', '山东省聊城市'),(292, '371000', '山东省威海市'),(293, '622900', '甘肃省临夏回族自治州'),(294, '230700', '黑龙江省伊春市'),(295, '230600', '黑龙江省大庆市'),(296, '230100', '黑龙江省哈尔滨市'),(297, '230400', '黑龙江省鹤岗市'),(298, '231100', '黑龙江省黑河市'),(299, '230300', '黑龙江省鸡西市'),(300, '230800', '黑龙江省佳木斯市'),(301, '231000', '黑龙江省牡丹江市'),(302, '230900', '黑龙江省七台河市'),(303, '230200', '黑龙江省齐齐哈尔市'),(304, '230500', '黑龙江省双鸭山市'),(305, '231200', '黑龙江省绥化市'),(306, '520100', '贵州省贵阳市'),(307, '520400', '贵州省安顺市'),(308, '520200', '贵州省六盘水市'),(309, '522600', '贵州省黔东南苗族侗族自治州'),(310, '522700', '贵州省黔南布依族苗族自治州'),(311, '522300', '贵州省黔西南布依族苗族自治州'),(312, '520600', '贵州省铜仁市'),(313, '520300', '贵州省遵义市'),(314, '340100', '安徽省合肥市'),(315, '341100', '安徽省滁州市'),(316, '340800', '安徽省安庆市'),(317, '340300', '安徽省蚌埠市'),(318, '341600', '安徽省亳州市'),(319, '341700', '安徽省池州市'),(320, '341200', '安徽省阜阳市'),(321, '340600', '安徽省淮北市'),(322, '340400', '安徽省淮南市'),(323, '341000', '安徽省黄山市'),(324, '341500', '安徽省六安市'),(325, '340500', '安徽省马鞍山市'),(326, '340700', '安徽省铜陵市'),(327, '340200', '安徽省芜湖市'),(328, '341300', '安徽省宿州市'),(329, '341800', '安徽省宣城市'),(330, '130600', '河北省保定市'),(331, '130700', '河北省张家口市'),(332, '130500', '河北省邢台市'),(333, '130200', '河北省唐山市'),(334, '130300', '河北省秦皇岛市'),(335, '131000', '河北省廊坊市'),(336, '131100', '河北省衡水市'),(337, '130800', '河北省承德市'),(338, '130900', '河北省沧州市'),(339, '640400', '宁夏回族自治区固原市'),(340, '640200', '宁夏回族自治区石嘴山市'),(341, '640300', '宁夏回族自治区吴忠市'),(342, '640100', '宁夏回族自治区银川市'),(343, '640500', '宁夏回族自治区中卫市'),(344, '530100', '云南省昆明市'),(345, '530300', '云南省曲靖市'),(346, '530500', '云南省保山市'),(347, '532300', '云南省楚雄彝族自治州'),(348, '533100', '云南省德宏傣族景颇族自治州'),(349, '533400', '云南省迪庆藏族自治州'),(350, '532500', '云南省红河哈尼族彝族自治州'),(351, '530700', '云南省丽江市'),(352, '530800', '云南省普洱市'),(353, '530400', '云南省玉溪市'),(354, '530600', '云南省昭通市'),(355, '371300', '山东省临沂市'),(356, '370500', '山东省东营市'),(357, '110100', '北京市'),(358, '719001', '台湾省基隆市'),(359, '451100', '广西壮族自治区贺州市'),(360, '441600', '广东省河源市'),(361, '441700', '广东省阳江市'),(362, '445300', '广东省云浮市'),(363, '440800', '广东省湛江市'),(364, '440700', '广东省江门市'),(365, '442000', '广东省中山市'),(366, '441900', '广东省东莞市'),(367, '440300', '广东省深圳市'),(368, '450100', '广西壮族自治区南宁市'),(369, '460100', '海南省海口市'),(370, '450200', '广西壮族自治区柳州市'),(371, '330700', '浙江省金华市'),(372, '331000', '浙江省台州市'),(373, '330400', '浙江省嘉兴市'),(374, '331100', '浙江省丽水市'),(375, '330800', '浙江省衢州市'),(376, '330200', '浙江省宁波市'),(377, '330600', '浙江省绍兴市'),(378, '330100', '浙江省杭州市'),(379, '330500', '浙江省湖州市'),(380, '330300', '浙江省温州市'),(381, '460200', '海南省三亚市'),(382, '330900', '浙江省舟山市'),(383, '469006', '海南省万宁市'),(384, '469007', '海南省东方市'),(385, '469024', '海南省临高县'),(386, '469027', '海南省乐东黎族自治县'),(387, '469001', '海南省五指山市'),(388, '469029', '海南省保亭黎族苗族自治县'),(389, '460400', '海南省儋州市'),(390, '469021', '海南省定安县'),(391, '469022', '海南省屯昌县'),(392, '469005', '海南省文昌市'),(393, '469026', '海南省昌江黎族自治县'),(394, '469023', '海南省澄迈县'),(395, '469030', '海南省琼中黎族苗族自治县'),(396, '469002', '海南省琼海市'),(397, '469025', '海南省白沙黎族自治县'),(398, '469028', '海南省陵水黎族自治县'),(399, '450300', '广西壮族自治区桂林市'),(400, '451000', '广西壮族自治区百色市'),(401, '450500', '广西壮族自治区北海市'),(402, '450600', '广西壮族自治区防城港市'),(403, '450800', '广西壮族自治区贵港市'),(404, '451200', '广西壮族自治区河池市'),(405, '450700', '广西壮族自治区钦州市'),(406, '450400', '广西壮族自治区梧州市'),(407, '450900', '广西壮族自治区玉林市'),(408, '451400', '广西壮族自治区崇左市'),(409, '451300', '广西壮族自治区来宾市'),(410, '440100', '广东省广州市'),(411, '441200', '广东省肇庆市'),(412, '441300', '广东省惠州市'),(413, '445200', '广东省揭阳市'),(414, '441800', '广东省清远市'),(415, '440600', '广东省佛山市'),(416, '440400', '广东省珠海市'),(417, '440200', '广东省韶关市'),(418, '445100', '广东省潮州市'),(419, '440900', '广东省茂名市'),(420, '441400', '广东省梅州市'),(421, '440500', '广东省汕头市'),(422, '441500', '广东省汕尾市'),(423, '460300', '海南省三沙市'),(424, '999900', '苏鲁交界海域'),(425, '130105', '河北省石家庄市新华区'),(426, '130104', '河北省石家庄市桥西区'),(427, '232762', '黑龙江省大兴安岭地区松岭区'),(428, '232761', '黑龙江省大兴安岭地区加格达奇区'),(429, '210521', '辽宁省本溪市本溪满族自治县'),(430, '211321', '辽宁省朝阳市朝阳县'),(431, '211303', '辽宁省朝阳市龙城区'),(432, '211324', '辽宁省朝阳市喀喇沁左翼蒙古族自治县'),(433, '211382', '辽宁省朝阳市凌源市'),(434, '211381', '辽宁省朝阳市北票市'),(435, '210603', '辽宁省丹东市振兴区'),(436, '210403', '辽宁省抚顺市东洲区'),(437, '210402', '辽宁省抚顺市新抚区'),(438, '210903', '辽宁省阜新市新邱区'),(439, '211481', '辽宁省葫芦岛市兴城市'),(440, '211402', '辽宁省葫芦岛市连山区'),(441, '211421', '辽宁省葫芦岛市绥中县'),(442, '210781', '辽宁省锦州市凌海市'),(443, '211122', '辽宁省盘锦市盘山县'),(444, '211102', '辽宁省盘锦市双台子区'),(445, '211282', '辽宁省铁岭市开原市'),(446, '211224', '辽宁省铁岭市昌图县'),(447, '211281', '辽宁省铁岭市调兵山市'),(448, '211202', '辽宁省铁岭市银州区'),(449, '210804', '辽宁省营口市鲅鱼圈区'),(450, '210323', '辽宁省鞍山市岫岩满族自治县'),(451, '210214', '辽宁省大连市普兰店区'),(452, '210281', '辽宁省大连市瓦房店市'),(453, '210522', '辽宁省本溪市桓仁满族自治县'),(454, '210505', '辽宁省本溪市南芬区'),(455, '210502', '辽宁省本溪市平山区'),(456, '210503', '辽宁省本溪市溪湖区'),(457, '210504', '辽宁省本溪市明山区'),(458, '211322', '辽宁省朝阳市建平县'),(459, '211302', '辽宁省朝阳市双塔区'),(460, '210624', '辽宁省丹东市宽甸满族自治县'),(461, '210682', '辽宁省丹东市凤城市'),(462, '210681', '辽宁省丹东市东港市'),(463, '210604', '辽宁省丹东市振安区'),(464, '210602', '辽宁省丹东市元宝区'),(465, '210423', '辽宁省抚顺市清原满族自治县'),(466, '210422', '辽宁省抚顺市新宾满族自治县'),(467, '210911', '辽宁省阜新市细河区'),(468, '210905', '辽宁省阜新市清河门区'),(469, '210904', '辽宁省阜新市太平区'),(470, '211404', '辽宁省葫芦岛市南票区'),(471, '211422', '辽宁省葫芦岛市建昌县'),(472, '211403', '辽宁省葫芦岛市龙港区'),(473, '210782', '辽宁省锦州市北镇市'),(474, '210727', '辽宁省锦州市义县'),(475, '210711', '辽宁省锦州市太和区'),(476, '210702', '辽宁省锦州市古塔区'),(477, '210703', '辽宁省锦州市凌河区'),(478, '211002', '辽宁省辽阳市白塔区'),(479, '211103', '辽宁省盘锦市兴隆台区'),(480, '211204', '辽宁省铁岭市清河区'),(481, '211223', '辽宁省铁岭市西丰县'),(482, '210811', '辽宁省营口市老边区'),(483, '210881', '辽宁省营口市盖州市'),(484, '210882', '辽宁省营口市大石桥市'),(485, '210802', '辽宁省营口市站前区'),(486, '210803', '辽宁省营口市西市区'),(487, '210311', '辽宁省鞍山市千山区'),(488, '210381', '辽宁省鞍山市海城市'),(489, '210304', '辽宁省鞍山市立山区'),(490, '210302', '辽宁省鞍山市铁东区'),(491, '210303', '辽宁省鞍山市铁西区'),(492, '210321', '辽宁省鞍山市台安县'),(493, '210211', '辽宁省大连市甘井子区'),(494, '210213', '辽宁省大连市金州区'),(495, '210283', '辽宁省大连市庄河市'),(496, '210203', '辽宁省大连市西岗区'),(497, '210202', '辽宁省大连市中山区'),(498, '150802', '内蒙古自治区巴彦淖尔市临河区'),(499, '150202', '内蒙古自治区包头市东河区'),(500, '150203', '内蒙古自治区包头市昆都仑区'),(501, '150205', '内蒙古自治区包头市石拐区'),(502, '150702', '内蒙古自治区呼伦贝尔市海拉尔区'),(503, '150526', '内蒙古自治区通辽市扎鲁特旗'),(504, '152530', '内蒙古自治区锡林郭勒盟正蓝旗'),(505, '150822', '内蒙古自治区巴彦淖尔市磴口县'),(506, '152525', '内蒙古自治区锡林郭勒盟东乌珠穆沁旗'),(507, '150103', '内蒙古自治区呼和浩特市回民区'),(508, '150102', '内蒙古自治区呼和浩特市新城区'),(509, '150104', '内蒙古自治区呼和浩特市玉泉区'),(510, '150125', '内蒙古自治区呼和浩特市武川县'),(511, '150105', '内蒙古自治区呼和浩特市赛罕区'),(512, '150121', '内蒙古自治区呼和浩特市土默特左旗'),(513, '150824', '内蒙古自治区巴彦淖尔市乌拉特中旗'),(514, '152531', '内蒙古自治区锡林郭勒盟多伦县'),(515, '152522', '内蒙古自治区锡林郭勒盟阿巴嘎旗'),(516, '152529', '内蒙古自治区锡林郭勒盟正镶白旗'),(517, '152923', '内蒙古自治区阿拉善盟额济纳旗'),(518, '152921', '内蒙古自治区阿拉善盟阿拉善左旗'),(519, '150826', '内蒙古自治区巴彦淖尔市杭锦后旗'),(520, '152526', '内蒙古自治区锡林郭勒盟西乌珠穆沁旗'),(521, '152501', '内蒙古自治区锡林郭勒盟二连浩特市'),(522, '152502', '内蒙古自治区锡林郭勒盟锡林浩特市'),(523, '152523', '内蒙古自治区锡林郭勒盟苏尼特左旗'),(524, '371122', '山东省日照市莒县'),(525, '371121', '山东省日照市五莲县'),(526, '371103', '山东省日照市岚山区'),(527, '371102', '山东省日照市东港区'),(528, '370283', '山东省青岛市平度市'),(529, '370211', '山东省青岛市黄岛区'),(530, '370203', '山东省青岛市市北区'),(531, '370215', '山东省青岛市即墨区'),(532, '370213', '山东省青岛市李沧区'),(533, '370285', '山东省青岛市莱西市'),(534, '370126', '山东省济南市商河县'),(535, '370114', '山东省济南市章丘区'),(536, '370113', '山东省济南市长清区'),(537, '370115', '山东省济南市济阳区'),(538, '370112', '山东省济南市历城区'),(539, '370104', '山东省济南市槐荫区'),(540, '370102', '山东省济南市历下区'),(541, '370103', '山东省济南市市中区'),(542, '370105', '山东省济南市天桥区'),(543, '370705', '山东省潍坊市奎文区'),(544, '370826', '山东省济宁市微山县'),(545, '370281', '山东省青岛市胶州市'),(546, '140311', '山西省阳泉市郊区'),(547, '140322', '山西省阳泉市盂县'),(548, '140321', '山西省阳泉市平定县'),(549, '140303', '山西省阳泉市矿区'),(550, '140302', '山西省阳泉市城区'),(551, '310110', '上海市杨浦区'),(552, '310118', '上海市青浦区'),(553, '120119', '天津市蓟州区'),(554, '120102', '天津市河东区'),(555, '120101', '天津市和平区'),(556, '120118', '天津市静海区'),(557, '652824', '新疆维吾尔自治区巴音郭楞蒙古自治州若羌县'),(558, '652828', '新疆维吾尔自治区巴音郭楞蒙古自治州和硕县'),(559, '652801', '新疆维吾尔自治区巴音郭楞蒙古自治州库尔勒市'),(560, '652723', '新疆维吾尔自治区博尔塔拉蒙古自治州温泉县'),(561, '652302', '新疆维吾尔自治区昌吉回族自治州阜康市'),(562, '652324', '新疆维吾尔自治区昌吉回族自治州玛纳斯县'),(563, '652327', '新疆维吾尔自治区昌吉回族自治州吉木萨尔县'),(564, '652325', '新疆维吾尔自治区昌吉回族自治州奇台县'),(565, '650521', '新疆维吾尔自治区哈密市巴里坤哈萨克自治县'),(566, '650522', '新疆维吾尔自治区哈密市伊吾县'),(567, '650502', '新疆维吾尔自治区哈密市伊州区'),(568, '653223', '新疆维吾尔自治区和田地区皮山县'),(569, '653227', '新疆维吾尔自治区和田地区民丰县'),(570, '653221', '新疆维吾尔自治区和田地区和田县'),(571, '653225', '新疆维吾尔自治区和田地区策勒县'),(572, '653226', '新疆维吾尔自治区和田地区于田县'),(573, '653222', '新疆维吾尔自治区和田地区墨玉县'),(574, '653201', '新疆维吾尔自治区和田地区和田市'),(575, '653125', '新疆维吾尔自治区喀什地区莎车县'),(576, '654202', '新疆维吾尔自治区塔城地区乌苏市'),(577, '654324', '新疆维吾尔自治区阿勒泰地区哈巴河县'),(578, '654321', '新疆维吾尔自治区阿勒泰地区布尔津县'),(579, '654323', '新疆维吾尔自治区阿勒泰地区福海县'),(580, '654325', '新疆维吾尔自治区阿勒泰地区青河县'),(581, '654221', '新疆维吾尔自治区塔城地区额敏县'),(582, '654226', '新疆维吾尔自治区塔城地区和布克赛尔蒙古自治县'),(583, '659010', '新疆维吾尔自治区胡杨河市胡杨河市'),(584, '654004', '新疆维吾尔自治区伊犁哈萨克自治州霍尔果斯市'),(585, '222424', '吉林省延边朝鲜族自治州汪清县'),(586, '220581', '吉林省通化市梅河口市'),(587, '220722', '吉林省松原市长岭县'),(588, '220184', '吉林省长春市公主岭市'),(589, '220323', '吉林省四平市伊通满族自治县'),(590, '220303', '吉林省四平市铁东区'),(591, '220382', '吉林省四平市双辽市'),(592, '220322', '吉林省四平市梨树县'),(593, '220422', '吉林省辽源市东辽县'),(594, '220402', '吉林省辽源市龙山区'),(595, '220802', '吉林省白城市洮北区'),(596, '220882', '吉林省白城市大安市'),(597, '220822', '吉林省白城市通榆县'),(598, '220881', '吉林省白城市洮南市'),(599, '220302', '吉林省四平市铁西区'),(600, '220204', '吉林省吉林市船营区'),(601, '220282', '吉林省吉林市桦甸市'),(602, '220284', '吉林省吉林市磐石市'),(603, '220203', '吉林省吉林市龙潭区'),(604, '220221', '吉林省吉林市永吉县'),(605, '220211', '吉林省吉林市丰满区'),(606, '220202', '吉林省吉林市昌邑区'),(607, '220113', '吉林省长春市九台区'),(608, '220105', '吉林省长春市二道区'),(609, '220104', '吉林省长春市朝阳区'),(610, '220112', '吉林省长春市双阳区'),(611, '220106', '吉林省长春市绿园区'),(612, '220122', '吉林省长春市农安县'),(613, '222403', '吉林省延边朝鲜族自治州敦化市'),(614, '222401', '吉林省延边朝鲜族自治州延吉市'),(615, '220521', '吉林省通化市通化县'),(616, '220502', '吉林省通化市东昌区'),(617, '220524', '吉林省通化市柳河县'),(618, '220523', '吉林省通化市辉南县'),(619, '220503', '吉林省通化市二道江区'),(620, '220721', '吉林省松原市前郭尔罗斯蒙古族自治县'),(621, '220781', '吉林省松原市扶余市'),(622, '220702', '吉林省松原市宁江区'),(623, '220421', '吉林省辽源市东丰县'),(624, '220403', '吉林省辽源市西安区'),(625, '220283', '吉林省吉林市舒兰市'),(626, '220281', '吉林省吉林市蛟河市'),(627, '220183', '吉林省长春市德惠市'),(628, '220103', '吉林省长春市宽城区'),(629, '220182', '吉林省长春市榆树市'),(630, '220102', '吉林省长春市南关区'),(631, '620525', '甘肃省天水市张家川回族自治县'),(632, '620521', '甘肃省天水市清水县'),(633, '621121', '甘肃省定西市通渭县'),(634, '621023', '甘肃省庆阳市华池县'),(635, '623023', '甘肃省甘南藏族自治州舟曲县'),(636, '623001', '甘肃省甘南藏族自治州合作市'),(637, '620922', '甘肃省酒泉市瓜州县'),(638, '620902', '甘肃省酒泉市肃州区'),(639, '620702', '甘肃省张掖市甘州区'),(640, '620722', '甘肃省张掖市民乐县'),(641, '620725', '甘肃省张掖市山丹县'),(642, '620321', '甘肃省金昌市永昌县'),(643, '620622', '甘肃省武威市古浪县'),(644, '620121', '甘肃省兰州市永登县'),(645, '620123', '甘肃省兰州市榆中县'),(646, '620122', '甘肃省兰州市皋兰县'),(647, '620403', '甘肃省白银市平川区'),(648, '621022', '甘肃省庆阳市环县'),(649, '621021', '甘肃省庆阳市庆城县'),(650, '621024', '甘肃省庆阳市合水县'),(651, '621027', '甘肃省庆阳市镇原县'),(652, '621002', '甘肃省庆阳市西峰区'),(653, '621026', '甘肃省庆阳市宁县'),(654, '621025', '甘肃省庆阳市正宁县'),(655, '620881', '甘肃省平凉市华亭市'),(656, '623027', '甘肃省甘南藏族自治州夏河县'),(657, '620825', '甘肃省平凉市庄浪县'),(658, '620826', '甘肃省平凉市静宁县'),(659, '620522', '甘肃省天水市秦安县'),(660, '620503', '甘肃省天水市麦积区'),(661, '620502', '甘肃省天水市秦州区'),(662, '621226', '甘肃省陇南市礼县'),(663, '621225', '甘肃省陇南市西和县'),(664, '621223', '甘肃省陇南市宕昌县'),(665, '623024', '甘肃省甘南藏族自治州迭部县'),(666, '620523', '甘肃省天水市甘谷县'),(667, '620524', '甘肃省天水市武山县'),(668, '623022', '甘肃省甘南藏族自治州卓尼县'),(669, '623021', '甘肃省甘南藏族自治州临潭县'),(670, '620982', '甘肃省酒泉市敦煌市'),(671, '620924', '甘肃省酒泉市阿克塞哈萨克族自治县'),(672, '620981', '甘肃省酒泉市玉门市'),(673, '620921', '甘肃省酒泉市金塔县'),(674, '620721', '甘肃省张掖市肃南裕固族自治县'),(675, '620724', '甘肃省张掖市高台县'),(676, '620302', '甘肃省金昌市金川区'),(677, '620621', '甘肃省武威市民勤县'),(678, '620602', '甘肃省武威市凉州区'),(679, '620423', '甘肃省白银市景泰县'),(680, '620111', '甘肃省兰州市红古区'),(681, '620104', '甘肃省兰州市西固区'),(682, '620422', '甘肃省白银市会宁县'),(683, '620105', '甘肃省兰州市安宁区'),(684, '620103', '甘肃省兰州市七里河区'),(685, '620102', '甘肃省兰州市城关区'),(686, '620402', '甘肃省白银市白银区'),(687, '620421', '甘肃省白银市靖远县'),(688, '620802', '甘肃省平凉市崆峒区'),(689, '620823', '甘肃省平凉市崇信县'),(690, '620821', '甘肃省平凉市泾川县'),(691, '620822', '甘肃省平凉市灵台县'),(692, '621102', '甘肃省定西市安定区'),(693, '621122', '甘肃省定西市陇西县'),(694, '621123', '甘肃省定西市渭源县'),(695, '621124', '甘肃省定西市临洮县'),(696, '623026', '甘肃省甘南藏族自治州碌曲县'),(697, '623025', '甘肃省甘南藏族自治州玛曲县'),(698, '621125', '甘肃省定西市漳县'),(699, '621126', '甘肃省定西市岷县'),(700, '620200', '甘肃省嘉峪关市嘉峪关市'),(701, '621221', '甘肃省陇南市成县'),(702, '621227', '甘肃省陇南市徽县'),(703, '621228', '甘肃省陇南市两当县'),(704, '621224', '甘肃省陇南市康县'),(705, '621222', '甘肃省陇南市文县'),(706, '621202', '甘肃省陇南市武都区'),(707, '429004', '湖北省仙桃市仙桃市'),(708, '360203', '江西省景德镇市珠山区'),(709, '350981', '福建省宁德市福安市'),(710, '632221', '青海省海北藏族自治州门源回族自治县'),(711, '632222', '青海省海北藏族自治州祁连县'),(712, '632224', '青海省海北藏族自治州刚察县'),(713, '632223', '青海省海北藏族自治州海晏县'),(714, '630223', '青海省海东市互助土族自治县'),(715, '630202', '青海省海东市乐都区'),(716, '630203', '青海省海东市平安区'),(717, '630222', '青海省海东市民和回族土族自治县'),(718, '630224', '青海省海东市化隆回族自治县'),(719, '630225', '青海省海东市循化撒拉族自治县'),(720, '632522', '青海省海南藏族自治州同德县'),(721, '632525', '青海省海南藏族自治州贵南县'),(722, '632523', '青海省海南藏族自治州贵德县'),(723, '632521', '青海省海南藏族自治州共和县'),(724, '632524', '青海省海南藏族自治州兴海县'),(725, '632823', '青海省海西蒙古族藏族自治州天峻县'),(726, '632802', '青海省海西蒙古族藏族自治州德令哈市'),(727, '632821', '青海省海西蒙古族藏族自治州乌兰县'),(728, '632822', '青海省海西蒙古族藏族自治州都兰县'),(729, '632801', '青海省海西蒙古族藏族自治州格尔木市'),(730, '632301', '青海省黄南藏族自治州同仁市'),(731, '632324', '青海省黄南藏族自治州河南蒙古族自治县'),(732, '632323', '青海省黄南藏族自治州泽库县'),(733, '632322', '青海省黄南藏族自治州尖扎县'),(734, '630121', '青海省西宁市大通回族土族自治县'),(735, '630106', '青海省西宁市湟中区'),(736, '630123', '青海省西宁市湟源县'),(737, '630102', '青海省西宁市城东区'),(738, '630105', '青海省西宁市城北区'),(739, '630104', '青海省西宁市城西区'),(740, '630103', '青海省西宁市城中区'),(741, '632622', '青海省果洛藏族自治州班玛县'),(742, '632624', '青海省果洛藏族自治州达日县'),(743, '632625', '青海省果洛藏族自治州久治县'),(744, '632623', '青海省果洛藏族自治州甘德县'),(745, '632621', '青海省果洛藏族自治州玛沁县'),(746, '632626', '青海省果洛藏族自治州玛多县'),(747, '632701', '青海省玉树藏族自治州玉树市'),(748, '632725', '青海省玉树藏族自治州囊谦县'),(749, '632722', '青海省玉树藏族自治州杂多县'),(750, '632723', '青海省玉树藏族自治州称多县'),(751, '610632', '陕西省延安市黄陵县'),(752, '610825', '陕西省榆林市定边县'),(753, '610681', '陕西省延安市子长市'),(754, '610621', '陕西省延安市延长县'),(755, '610802', '陕西省榆林市榆阳区'),(756, '610626', '陕西省延安市吴起县'),(757, '610826', '陕西省榆林市绥德县'),(758, '610103', '陕西省西安市碑林区'),(759, '610625', '陕西省延安市志丹县'),(760, '610602', '陕西省延安市宝塔区'),(761, '610628', '陕西省延安市富县'),(762, '610104', '陕西省西安市莲湖区'),(763, '610803', '陕西省榆林市横山区'),(764, '610102', '陕西省西安市新城区'),(765, '610203', '陕西省铜川市印台区'),(766, '610222', '陕西省铜川市宜君县'),(767, '610627', '陕西省延安市甘泉县'),(768, '610881', '陕西省榆林市神木市'),(769, '610112', '陕西省西安市未央区'),(770, '610113', '陕西省西安市雁塔区'),(771, '610630', '陕西省延安市宜川县'),(772, '610831', '陕西省榆林市子洲县'),(773, '610830', '陕西省榆林市清涧县'),(774, '610828', '陕西省榆林市佳县'),(775, '610204', '陕西省铜川市耀州区'),(776, '610827', '陕西省榆林市米脂县'),(777, '610111', '陕西省西安市灞桥区'),(778, '610629', '陕西省延安市洛川县'),(779, '610603', '陕西省延安市安塞区'),(780, '610822', '陕西省榆林市府谷县'),(781, '610622', '陕西省延安市延川县'),(782, '610202', '陕西省铜川市王益区'),(783, '610824', '陕西省榆林市靖边县'),(784, '610631', '陕西省延安市黄龙县'),(785, '610829', '陕西省榆林市吴堡县'),(786, '510824', '四川省广元市苍溪县'),(787, '511923', '四川省巴中市平昌县'),(788, '510823', '四川省广元市剑阁县'),(789, '510822', '四川省广元市青川县'),(790, '511781', '四川省达州市万源市'),(791, '511722', '四川省达州市宣汉县'),(792, '510704', '四川省绵阳市游仙区'),(793, '510725', '四川省绵阳市梓潼县'),(794, '510723', '四川省绵阳市盐亭县'),(795, '510705', '四川省绵阳市安州区'),(796, '511504', '四川省宜宾市叙州区'),(797, '511421', '四川省眉山市仁寿县'),(798, '513425', '四川省凉山彝族自治州会理市'),(799, '511102', '四川省乐山市市中区'),(800, '510321', '四川省自贡市荣县'),(801, '532926', '云南省大理白族自治州南涧彝族自治县'),(802, '532923', '云南省大理白族自治州祥云县'),(803, '532601', '云南省文山壮族苗族自治州文山市'),(804, '532932', '云南省大理白族自治州鹤庆县'),(805, '532931', '云南省大理白族自治州剑川县'),(806, '532930', '云南省大理白族自治州洱源县'),(807, '530922', '云南省临沧市云县'),(808, '532822', '云南省西双版纳傣族自治州勐海县'),(809, '532922', '云南省大理白族自治州漾濞彝族自治县'),(810, '532925', '云南省大理白族自治州弥渡县'),(811, '532901', '云南省大理白族自治州大理市'),(812, '532927', '云南省大理白族自治州巍山彝族回族自治县'),(813, '530921', '云南省临沧市凤庆县'),(814, '530923', '云南省临沧市永德县'),(815, '530924', '云南省临沧市镇康县'),(816, '530902', '云南省临沧市临翔区'),(817, '530926', '云南省临沧市耿马傣族佤族自治县'),(818, '530925', '云南省临沧市双江拉祜族佤族布朗族傣族自治县'),(819, '530927', '云南省临沧市沧源佤族自治县'),(820, '532625', '云南省文山壮族苗族自治州马关县'),(821, '532623', '云南省文山壮族苗族自治州西畴县'),(822, '532624', '云南省文山壮族苗族自治州麻栗坡县'),(823, '532622', '云南省文山壮族苗族自治州砚山县'),(824, '532626', '云南省文山壮族苗族自治州丘北县'),(825, '532627', '云南省文山壮族苗族自治州广南县'),(826, '532628', '云南省文山壮族苗族自治州富宁县'),(827, '533325', '云南省怒江傈僳族自治州兰坪白族普米族自治县'),(828, '532928', '云南省大理白族自治州永平县'),(829, '410602', '河南省鹤壁市鹤山区'),(830, '410603', '河南省鹤壁市山城区'),(831, '410611', '河南省鹤壁市淇滨区'),(832, '410802', '河南省焦作市解放区'),(833, '410811', '河南省焦作市山阳区'),(834, '410804', '河南省焦作市马村区'),(835, '410803', '河南省焦作市中站区'),(836, '410202', '河南省开封市龙亭区'),(837, '410204', '河南省开封市鼓楼区'),(838, '410205', '河南省开封市禹王台区'),(839, '410203', '河南省开封市顺河回族区'),(840, '411104', '河南省漯河市召陵区'),(841, '411303', '河南省南阳市卧龙区'),(842, '411302', '河南省南阳市宛城区'),(843, '410402', '河南省平顶山市新华区'),(844, '410403', '河南省平顶山市卫东区'),(845, '410411', '河南省平顶山市湛河区'),(846, '411202', '河南省三门峡市湖滨区'),(847, '411402', '河南省商丘市梁园区'),(848, '411403', '河南省商丘市睢阳区'),(849, '419001', '河南省济源市济源市'),(850, '410702', '河南省新乡市红旗区'),(851, '410704', '河南省新乡市凤泉区'),(852, '410711', '河南省新乡市牧野区'),(853, '410703', '河南省新乡市卫滨区'),(854, '411502', '河南省信阳市浉河区'),(855, '411503', '河南省信阳市平桥区'),(856, '410102', '河南省郑州市中原区'),(857, '410105', '河南省郑州市金水区'),(858, '410106', '河南省郑州市上街区'),(859, '410104', '河南省郑州市管城回族区'),(860, '410103', '河南省郑州市二七区'),(861, '410108', '河南省郑州市惠济区'),(862, '410505', '河南省安阳市殷都区'),(863, '410506', '河南省安阳市龙安区'),(864, '410503', '河南省安阳市北关区'),(865, '410502', '河南省安阳市文峰区'),(866, '410303', '河南省洛阳市西工区'),(867, '410302', '河南省洛阳市老城区'),(868, '410305', '河南省洛阳市涧西区'),(869, '410304', '河南省洛阳市瀍河回族区'),(870, '410311', '河南省洛阳市洛龙区'),(871, '520523', '贵州省毕节市金沙县'),(872, '520522', '贵州省毕节市黔西市'),(873, '520521', '贵州省毕节市大方县'),(874, '520502', '贵州省毕节市七星关区'),(875, '520527', '贵州省毕节市赫章县'),(876, '520526', '贵州省毕节市威宁彝族回族苗族自治县'),(877, '520525', '贵州省毕节市纳雍县'),(878, '520524', '贵州省毕节市织金县'),(879, '430224', '湖南省株洲市茶陵县'),(880, '430223', '湖南省株洲市攸县'),(881, '430321', '湖南省湘潭市湘潭县'),(882, '430281', '湖南省株洲市醴陵市'),(883, '430381', '湖南省湘潭市湘乡市'),(884, '430681', '湖南省岳阳市汨罗市'),(885, '430111', '湖南省长沙市雨花区'),(886, '430121', '湖南省长沙市长沙县'),(887, '430304', '湖南省湘潭市岳塘区'),(888, '433124', '湖南省湘西土家族苗族自治州花垣县'),(889, '433101', '湖南省湘西土家族苗族自治州吉首市'),(890, '430721', '湖南省常德市安乡县'),(891, '430482', '湖南省衡阳市常宁市'),(892, '430412', '湖南省衡阳市南岳区'),(893, '430422', '湖南省衡阳市衡南县'),(894, '430423', '湖南省衡阳市衡山县'),(895, '431302', '湖南省娄底市娄星区'),(896, '431202', '湖南省怀化市鹤城区'),(897, '430702', '湖南省常德市武陵区'),(898, '430424', '湖南省衡阳市衡东县'),(899, '431223', '湖南省怀化市辰溪县'),(900, '431027', '湖南省郴州市桂东县'),(901, '431023', '湖南省郴州市永兴县'),(902, '431226', '湖南省怀化市麻阳苗族自治县'),(903, '430724', '湖南省常德市临澧县'),(904, '430722', '湖南省常德市汉寿县'),(905, '430902', '湖南省益阳市资阳区'),(906, '659009', '新疆维吾尔自治区昆玉市昆玉市'),(907, '370202', '山东省青岛市市南区'),(908, '430723', '湖南省常德市澧县'),(909, '211104', '辽宁省盘锦市大洼区'),(910, '210212', '辽宁省大连市旅顺口区'),(911, '719003', '台湾省嘉义市嘉义市'),(912, '710603', '台湾省桃园市八德市'),(913, '710103', '台湾省台北市大同区'),(914, '710403', '台湾省台中市中区'),(915, '710307', '台湾省新北市深坑区'),(916, '710310', '台湾省新北市三重区'),(917, '710404', '台湾省台中市南屯区'),(918, '710509', '台湾省台南市盐水区'),(919, '710606', '台湾省桃园市复兴乡'),(920, '710313', '台湾省新北市永和区'),(921, '710314', '台湾省新北市泰山区'),(922, '710223', '台湾省高雄市湖内区'),(923, '710609', '台湾省桃园市龙潭乡'),(924, '710226', '台湾省高雄市内门区'),(925, '710526', '台湾省台南市东区'),(926, '710233', '台湾省高雄市桃源区'),(927, '710322', '台湾省新北市新店区'),(928, '710112', '台湾省台北市大安区'),(929, '710304', '台湾省新北市坪林区'),(930, '710319', '台湾省新北市双溪区'),(931, '710311', '台湾省新北市平溪区'),(932, '710427', '台湾省台中市外埔区'),(933, '710416', '台湾省台中市石冈区'),(934, '710421', '台湾省台中市和平区'),(935, '710402', '台湾省台中市新社区'),(936, '710413', '台湾省台中市太平区'),(937, '710425', '台湾省台中市潭子区'),(938, '710417', '台湾省台中市北区'),(939, '710401', '台湾省台中市东区'),(940, '710411', '台湾省台中市南区'),(941, '710426', '台湾省台中市大肚区'),(942, '710406', '台湾省台中市沙鹿区'),(943, '710415', '台湾省台中市大雅区'),(944, '710408', '台湾省台中市大里区'),(945, '710420', '台湾省台中市东势区'),(946, '710424', '台湾省台中市后里区'),(947, '710410', '台湾省台中市西区'),(948, '710407', '台湾省台中市丰原区'),(949, '710422', '台湾省台中市雾峰区'),(950, '710405', '台湾省台中市神冈区'),(951, '710323', '台湾省新北市乌来区'),(952, '710316', '台湾省新北市石碇区'),(953, '710101', '台湾省台北市北投区'),(954, '710306', '台湾省新北市汐止区'),(955, '710305', '台湾省新北市莺歌区'),(956, '710302', '台湾省新北市三峡区'),(957, '710303', '台湾省新北市新庄区'),(958, '710320', '台湾省新北市树林区'),(959, '710109', '台湾省台北市中山区'),(960, '710105', '台湾省台北市信义区'),(961, '710104', '台湾省台北市文山区'),(962, '710111', '台湾省台北市南港区'),(963, '710308', '台湾省新北市芦洲区'),(964, '710604', '台湾省桃园市桃园区'),(965, '710605', '台湾省桃园市龟山乡'),(966, '719002', '台湾省新竹市新竹市'),(967, '710315', '台湾省新北市土城区'),(968, '710107', '台湾省台北市中正区'),(969, '710108', '台湾省台北市万华区'),(970, '710317', '台湾省新北市五股区'),(971, '710217', '台湾省高雄市凤山区'),(972, '710230', '台湾省高雄市前金区'),(973, '710238', '台湾省高雄市新兴区'),(974, '710229', '台湾省高雄市三民区'),(975, '710211', '台湾省高雄市鸟松区'),(976, '710203', '台湾省高雄市大寮区'),(977, '710216', '台湾省高雄市仁武区'),(978, '710220', '台湾省高雄市大社区'),(979, '710231', '台湾省高雄市冈山区'),(980, '710213', '台湾省高雄市桥头区'),(981, '710207', '台湾省高雄市燕巢区'),(982, '710208', '台湾省高雄市大树区'),(983, '710237', '台湾省高雄市路竹区'),(984, '710209', '台湾省高雄市阿莲区'),(985, '710232', '台湾省高雄市田寮区'),(986, '710528', '台湾省台南市中西区'),(987, '710513', '台湾省台南市仁德区'),(988, '710529', '台湾省台南市北区'),(989, '710506', '台湾省台南市永康区'),(990, '710510', '台湾省台南市归仁区'),(991, '710512', '台湾省台南市关庙区'),(992, '710511', '台湾省台南市龙崎区'),(993, '710518', '台湾省台南市新化区'),(994, '710532', '台湾省台南市左镇区'),(995, '710531', '台湾省台南市南化区'),(996, '710524', '台湾省台南市玉井区'),(997, '710505', '台湾省台南市山上区'),(998, '710530', '台湾省台南市楠西区'),(999, '710516', '台湾省台南市新市区'),(1000, '710501', '台湾省台南市安定区'),(1001, '710519', '台湾省台南市西港区'),(1002, '710517', '台湾省台南市佳里区'),(1003, '710502', '台湾省台南市大内区'),(1004, '710515', '台湾省台南市善化区'),(1005, '710525', '台湾省台南市官田区'),(1006, '710527', '台湾省台南市六甲区'),(1007, '710503', '台湾省台南市东山区'),(1008, '710523', '台湾省台南市柳营区'),(1009, '710508', '台湾省台南市白河区'),(1010, '710522', '台湾省台南市后壁区'),(1011, '710507', '台湾省台南市新营区'),(1012, '710504', '台湾省台南市下营区'),(1013, '710520', '台湾省台南市麻豆区'),(1014, '710514', '台湾省台南市学甲区'),(1015, '710235', '台湾省高雄市旗山区'),(1016, '710215', '台湾省高雄市美浓区'),(1017, '710228', '台湾省高雄市杉林区'),(1018, '710222', '台湾省高雄市茂林区'),(1019, '710218', '台湾省高雄市甲仙区'),(1020, '710224', '台湾省高雄市六龟区'),(1021, '710204', '台湾省高雄市那玛夏区'),(1022, '710414', '台湾省台中市北屯区'),(1023, '710412', '台湾省台中市西屯区'),(1024, '710110', '台湾省台北市士林区'),(1025, '710613', '台湾省桃园市中坜市'),(1026, '710602', '台湾省桃园市杨梅市'),(1027, '710601', '台湾省桃园市平镇市'),(1028, '710610', '台湾省桃园市大溪镇'),(1029, '710312', '台湾省新北市中和区'),(1030, '710321', '台湾省新北市板桥区'),(1031, '710106', '台湾省台北市内湖区'),(1032, '719010', '台湾省嘉义县嘉义县'),(1033, '719008', '台湾省云林县云林县'),(1034, '719011', '台湾省屏东县屏东县'),(1035, '719009', '台湾省南投县南投县'),(1036, '719013', '台湾省花莲县花莲县'),(1037, '719007', '台湾省彰化县彰化县'),(1038, '719012', '台湾省台东县台东县'),(1039, '719005', '台湾省宜兰县宜兰县'),(1040, '719006', '台湾省苗栗县苗栗县'),(1041, '719004', '台湾省新竹县新竹县'),(1042, '710423', '台湾省台中市乌日区'),(1043, '320281', '江苏省无锡市江阴市'),(1044, '632724', '青海省玉树藏族自治州治多县'),(1045, '632726', '青海省玉树藏族自治州曲麻莱县'),(1046, '210123', '辽宁省沈阳市康平县'),(1047, '430923', '湖南省益阳市安化县'),(1048, '431222', '湖南省怀化市沅陵县'),(1049, '430703', '湖南省常德市鼎城区'),(1050, '430781', '湖南省常德市津市市'),(1051, '431028', '湖南省郴州市安仁县'),(1052, '431002', '湖南省郴州市北湖区'),(1053, '430903', '湖南省益阳市赫山区'),(1054, '431026', '湖南省郴州市汝城县'),(1055, '430726', '湖南省常德市石门县'),(1056, '431003', '湖南省郴州市苏仙区'),(1057, '430981', '湖南省益阳市沅江市'),(1058, '431081', '湖南省郴州市资兴市'),(1059, '431124', '湖南省永州市道县'),(1060, '431121', '湖南省永州市祁阳市'),(1061, '431126', '湖南省永州市宁远县'),(1062, '431123', '湖南省永州市双牌县'),(1063, '431125', '湖南省永州市江永县'),(1064, '431122', '湖南省永州市东安县'),(1065, '430481', '湖南省衡阳市耒阳市'),(1066, '150204', '内蒙古自治区包头市青山区'),(1067, '620623', '甘肃省武威市天祝藏族自治县'),(1068, '130407', '河北省邯郸市肥乡区'),(1069, '370214', '山东省青岛市城阳区'),(1070, '220723', '吉林省松原市乾安县'),(1071, '220821', '吉林省白城市镇赉县'),(1072, '632803', '青海省海西蒙古族藏族自治州茫崖市'),(1073, '430105', '湖南省长沙市开福区'),(1074, '533323', '云南省怒江傈僳族自治州福贡县'),(1075, '533301', '云南省怒江傈僳族自治州泸水市'),(1076, '320583', '江苏省苏州市昆山市'),(1077, '150723', '内蒙古自治区呼伦贝尔市鄂伦春自治旗'),(1078, '430112', '湖南省长沙市望城区'),(1079, '430821', '湖南省张家界市慈利县'),(1080, '430822', '湖南省张家界市桑植县'),(1081, '430811', '湖南省张家界市武陵源区'),(1082, '430802', '湖南省张家界市永定区'),(1083, '411727', '河南省驻马店市汝南县'),(1084, '411702', '河南省驻马店市驿城区'),(1085, '411728', '河南省驻马店市遂平县'),(1086, '411723', '河南省驻马店市平舆县'),(1087, '320404', '江苏省常州市钟楼区'),(1088, '320481', '江苏省常州市溧阳市'),(1089, '320402', '江苏省常州市天宁区'),(1090, '320412', '江苏省常州市武进区'),(1091, '320411', '江苏省常州市新北区'),(1092, '320321', '江苏省徐州市丰县'),(1093, '320303', '江苏省徐州市云龙区'),(1094, '320381', '江苏省徐州市新沂市'),(1095, '320382', '江苏省徐州市邳州市'),(1096, '320311', '江苏省徐州市泉山区'),(1097, '320305', '江苏省徐州市贾汪区'),(1098, '320322', '江苏省徐州市沛县'),(1099, '320324', '江苏省徐州市睢宁县'),(1100, '320312', '江苏省徐州市铜山区'),(1101, '320302', '江苏省徐州市鼓楼区'),(1102, '411327', '河南省南阳市社旗县'),(1103, '411328', '河南省南阳市唐河县'),(1104, '320812', '江苏省淮安市清江浦区'),(1105, '320830', '江苏省淮安市盱眙县'),(1106, '320813', '江苏省淮安市洪泽区'),(1107, '320803', '江苏省淮安市淮安区'),(1108, '320804', '江苏省淮安市淮阴区'),(1109, '320831', '江苏省淮安市金湖县'),(1110, '320826', '江苏省淮安市涟水县'),(1111, '321084', '江苏省扬州市高邮市'),(1112, '321023', '江苏省扬州市宝应县'),(1113, '320925', '江苏省盐城市建湖县'),(1114, '320923', '江苏省盐城市阜宁县'),(1115, '320922', '江苏省盐城市滨海县'),(1116, '320921', '江苏省盐城市响水县'),(1117, '320723', '江苏省连云港市灌云县'),(1118, '320724', '江苏省连云港市灌南县'),(1119, '320707', '江苏省连云港市赣榆区'),(1120, '320722', '江苏省连云港市东海县'),(1121, '320703', '江苏省连云港市连云区'),(1122, '320706', '江苏省连云港市海州区'),(1123, '321324', '江苏省宿迁市泗洪县'),(1124, '321323', '江苏省宿迁市泗阳县'),(1125, '321302', '江苏省宿迁市宿城区'),(1126, '321311', '江苏省宿迁市宿豫区'),(1127, '321322', '江苏省宿迁市沭阳县'),(1128, '320924', '江苏省盐城市射阳县'),(1129, '320902', '江苏省盐城市亭湖区'),(1130, '320903', '江苏省盐城市盐都区'),(1131, '210902', '辽宁省阜新市海州区'),(1132, '320115', '江苏省南京市江宁区'),(1133, '320106', '江苏省南京市鼓楼区'),(1134, '320105', '江苏省南京市建邺区'),(1135, '320116', '江苏省南京市六合区'),(1136, '320111', '江苏省南京市浦口区'),(1137, '320117', '江苏省南京市溧水区'),(1138, '320118', '江苏省南京市高淳区'),(1139, '321003', '江苏省扬州市邗江区'),(1140, '321012', '江苏省扬州市江都区'),(1141, '321081', '江苏省扬州市仪征市'),(1142, '321183', '江苏省镇江市句容市'),(1143, '321112', '江苏省镇江市丹徒区'),(1144, '321181', '江苏省镇江市丹阳市'),(1145, '321102', '江苏省镇江市京口区'),(1146, '321111', '江苏省镇江市润州区'),(1147, '321182', '江苏省镇江市扬中市'),(1148, '320113', '江苏省南京市栖霞区'),(1149, '320102', '江苏省南京市玄武区'),(1150, '320104', '江苏省南京市秦淮区'),(1151, '320114', '江苏省南京市雨花台区'),(1152, '321002', '江苏省扬州市广陵区'),(1153, '321203', '江苏省泰州市高港区'),(1154, '321282', '江苏省泰州市靖江市'),(1155, '321283', '江苏省泰州市泰兴市'),(1156, '321281', '江苏省泰州市兴化市'),(1157, '321202', '江苏省泰州市海陵区'),(1158, '321204', '江苏省泰州市姜堰区'),(1159, '320904', '江苏省盐城市大丰区'),(1160, '320981', '江苏省盐城市东台市'),(1161, '320613', '江苏省南通市崇川区'),(1162, '320685', '江苏省南通市海安市'),(1163, '320614', '江苏省南通市海门区'),(1164, '320681', '江苏省南通市启东市'),(1165, '320623', '江苏省南通市如东县'),(1166, '320682', '江苏省南通市如皋市'),(1167, '320612', '江苏省南通市通州区'),(1168, '320581', '江苏省苏州市常熟市'),(1169, '320585', '江苏省苏州市太仓市'),(1170, '320506', '江苏省苏州市吴中区'),(1171, '320571', '江苏省苏州市苏州工业园区'),(1172, '320505', '江苏省苏州市虎丘区'),(1173, '320508', '江苏省苏州市姑苏区'),(1174, '320507', '江苏省苏州市相城区'),(1175, '320582', '江苏省苏州市张家港市'),(1176, '320211', '江苏省无锡市滨湖区'),(1177, '320206', '江苏省无锡市惠山区'),(1178, '320213', '江苏省无锡市梁溪区'),(1179, '320205', '江苏省无锡市锡山区'),(1180, '320282', '江苏省无锡市宜兴市'),(1181, '320214', '江苏省无锡市新吴区'),(1182, '320509', '江苏省苏州市吴江区'),(1183, '320413', '江苏省常州市金坛区'),(1184, '430528', '湖南省邵阳市新宁县'),(1185, '430527', '湖南省邵阳市绥宁县'),(1186, '430525', '湖南省邵阳市洞口县'),(1187, '430502', '湖南省邵阳市双清区'),(1188, '430523', '湖南省邵阳市邵阳县'),(1189, '430582', '湖南省邵阳市邵东市'),(1190, '430581', '湖南省邵阳市武冈市'),(1191, '430522', '湖南省邵阳市新邵县'),(1192, '431382', '湖南省娄底市涟源市'),(1193, '430426', '湖南省衡阳市祁东县'),(1194, '431321', '湖南省娄底市双峰县'),(1195, '431322', '湖南省娄底市新化县'),(1196, '430529', '湖南省邵阳市城步苗族自治县'),(1197, '430421', '湖南省衡阳市衡阳县'),(1198, '410182', '河南省郑州市荥阳市'),(1199, '410822', '河南省焦作市博爱县'),(1200, '410882', '河南省焦作市沁阳市'),(1201, '410825', '河南省焦作市温县'),(1202, '410823', '河南省焦作市武陟县'),(1203, '410883', '河南省焦作市孟州市'),(1204, '410725', '河南省新乡市原阳县'),(1205, '411122', '河南省漯河市临颍县'),(1206, '411121', '河南省漯河市舞阳县'),(1207, '411102', '河南省漯河市源汇区'),(1208, '411103', '河南省漯河市郾城区'),(1209, '430225', '湖南省株洲市炎陵县'),(1210, '430212', '湖南省株洲市渌口区'),(1211, '431281', '湖南省怀化市洪江市'),(1212, '431225', '湖南省怀化市会同县'),(1213, '431227', '湖南省怀化市新晃侗族自治县'),(1214, '431224', '湖南省怀化市溆浦县'),(1215, '431221', '湖南省怀化市中方县'),(1216, '430623', '湖南省岳阳市华容县'),(1217, '430626', '湖南省岳阳市平江县'),(1218, '433130', '湖南省湘西土家族苗族自治州龙山县'),(1219, '433127', '湖南省湘西土家族苗族自治州永顺县'),(1220, '430302', '湖南省湘潭市雨湖区'),(1221, '410122', '河南省郑州市中牟县'),(1222, '410212', '河南省开封市祥符区'),(1223, '410727', '河南省新乡市封丘县'),(1224, '410223', '河南省开封市尉氏县'),(1225, '410222', '河南省开封市通许县'),(1226, '411621', '河南省周口市扶沟县'),(1227, '411024', '河南省许昌市鄢陵县'),(1228, '411082', '河南省许昌市长葛市'),(1229, '410221', '河南省开封市杞县'),(1230, '410225', '河南省开封市兰考县'),(1231, '410783', '河南省新乡市长垣市'),(1232, '411421', '河南省商丘市民权县'),(1233, '410329', '河南省洛阳市伊川县'),(1234, '410326', '河南省洛阳市汝阳县'),(1235, '370212', '山东省青岛市崂山区'),(1236, '410482', '河南省平顶山市汝州市'),(1237, '410325', '河南省洛阳市嵩县'),(1238, '410324', '河南省洛阳市栾川县'),(1239, '410328', '河南省洛阳市洛宁县'),(1240, '410327', '河南省洛阳市宜阳县'),(1241, '652702', '新疆维吾尔自治区博尔塔拉蒙古自治州阿拉山口市'),(1242, '410821', '河南省焦作市修武县'),(1243, '410724', '河南省新乡市获嘉县'),(1244, '410782', '河南省新乡市辉县市'),(1245, '410721', '河南省新乡市新乡县'),(1246, '410726', '河南省新乡市延津县'),(1247, '410526', '河南省安阳市滑县'),(1248, '410621', '河南省鹤壁市浚县'),(1249, '410622', '河南省鹤壁市淇县'),(1250, '410581', '河南省安阳市林州市'),(1251, '410522', '河南省安阳市安阳县'),(1252, '410381', '河南省洛阳市偃师区'),(1253, '410322', '河南省洛阳市孟津区'),(1254, '410323', '河南省洛阳市新安县'),(1255, '411221', '河南省三门峡市渑池县'),(1256, '411203', '河南省三门峡市陕州区'),(1257, '411224', '河南省三门峡市卢氏县'),(1258, '411282', '河南省三门峡市灵宝市'),(1259, '411325', '河南省南阳市内乡县'),(1260, '411321', '河南省南阳市南召县'),(1261, '411329', '河南省南阳市新野县'),(1262, '411322', '河南省南阳市方城县'),(1263, '411330', '河南省南阳市桐柏县'),(1264, '411326', '河南省南阳市淅川县'),(1265, '411323', '河南省南阳市西峡县'),(1266, '411381', '河南省南阳市邓州市'),(1267, '411324', '河南省南阳市镇平县'),(1268, '411522', '河南省信阳市光山县'),(1269, '411526', '河南省信阳市潢川县'),(1270, '411525', '河南省信阳市固始县'),(1271, '411527', '河南省信阳市淮滨县'),(1272, '411528', '河南省信阳市息县'),(1273, '411724', '河南省驻马店市正阳县'),(1274, '411521', '河南省信阳市罗山县'),(1275, '411523', '河南省信阳市新县'),(1276, '411524', '河南省信阳市商城县'),(1277, '430725', '湖南省常德市桃源县'),(1278, '411281', '河南省三门峡市义马市'),(1279, '410527', '河南省安阳市内黄县'),(1280, '410422', '河南省平顶山市叶县'),(1281, '410423', '河南省平顶山市鲁山县'),(1282, '410421', '河南省平顶山市宝丰县'),(1283, '411025', '河南省许昌市襄城县'),(1284, '411003', '河南省许昌市建安区'),(1285, '411002', '河南省许昌市魏都区'),(1286, '411081', '河南省许昌市禹州市'),(1287, '410425', '河南省平顶山市郏县'),(1288, '410481', '河南省平顶山市舞钢市'),(1289, '411721', '河南省驻马店市西平县'),(1290, '411623', '河南省周口市商水县'),(1291, '411603', '河南省周口市淮阳区'),(1292, '411622', '河南省周口市西华县'),(1293, '411627', '河南省周口市太康县'),(1294, '411424', '河南省商丘市柘城县'),(1295, '411423', '河南省商丘市宁陵县'),(1296, '411628', '河南省周口市鹿邑县'),(1297, '411625', '河南省周口市郸城县'),(1298, '411422', '河南省商丘市睢县'),(1299, '411624', '河南省周口市沈丘县'),(1300, '411681', '河南省周口市项城市'),(1301, '410922', '河南省濮阳市清丰县'),(1302, '410902', '河南省濮阳市华龙区'),(1303, '410928', '河南省濮阳市濮阳县'),(1304, '410523', '河南省安阳市汤阴县'),(1305, '410923', '河南省濮阳市南乐县'),(1306, '410404', '河南省平顶山市石龙区'),(1307, '411722', '河南省驻马店市上蔡县'),(1308, '410781', '河南省新乡市卫辉市'),(1309, '410927', '河南省濮阳市台前县'),(1310, '411602', '河南省周口市川汇区'),(1311, '411426', '河南省商丘市夏邑县'),(1312, '411425', '河南省商丘市虞城县'),(1313, '410181', '河南省郑州市巩义市'),(1314, '410183', '河南省郑州市新密市'),(1315, '411729', '河南省驻马店市新蔡县'),(1316, '410184', '河南省郑州市新郑市'),(1317, '411726', '河南省驻马店市泌阳县'),(1318, '410185', '河南省郑州市登封市'),(1319, '411725', '河南省驻马店市确山县'),(1320, '120113', '天津市北辰区'),(1321, '120106', '天津市红桥区'),(1322, '120112', '天津市津南区'),(1323, '120111', '天津市西青区'),(1324, '120116', '天津市滨海新区'),(1325, '120105', '天津市河北区'),(1326, '120103', '天津市河西区'),(1327, '210102', '辽宁省沈阳市和平区'),(1328, '210114', '辽宁省沈阳市于洪区'),(1329, '210105', '辽宁省沈阳市皇姑区'),(1330, '210112', '辽宁省沈阳市浑南区'),(1331, '210113', '辽宁省沈阳市沈北新区'),(1332, '210103', '辽宁省沈阳市沈河区'),(1333, '210106', '辽宁省沈阳市铁西区'),(1334, '210181', '辽宁省沈阳市新民市'),(1335, '210922', '辽宁省阜新市彰武县'),(1336, '210104', '辽宁省沈阳市大东区'),(1337, '210124', '辽宁省沈阳市法库县'),(1338, '210921', '辽宁省阜新市阜新蒙古族自治县'),(1339, '210726', '辽宁省锦州市黑山县'),(1340, '210115', '辽宁省沈阳市辽中区'),(1341, '210411', '辽宁省抚顺市顺城区'),(1342, '210111', '辽宁省沈阳市苏家屯区'),(1343, '211221', '辽宁省铁岭市铁岭县'),(1344, '210404', '辽宁省抚顺市望花区'),(1345, '360121', '江西省南昌市南昌县'),(1346, '360102', '江西省南昌市东湖区'),(1347, '360112', '江西省南昌市新建区'),(1348, '360111', '江西省南昌市青山湖区'),(1349, '360124', '江西省南昌市进贤县'),(1350, '360123', '江西省南昌市安义县'),(1351, '360103', '江西省南昌市西湖区'),(1352, '360104', '江西省南昌市青云谱区'),(1353, '361002', '江西省抚州市临川区'),(1354, '361024', '江西省抚州市崇仁县'),(1355, '361026', '江西省抚州市宜黄县'),(1356, '361003', '江西省抚州市东乡区'),(1357, '361030', '江西省抚州市广昌县'),(1358, '361022', '江西省抚州市黎川县'),(1359, '361023', '江西省抚州市南丰县'),(1360, '361027', '江西省抚州市金溪县'),(1361, '361021', '江西省抚州市南城县'),(1362, '361028', '江西省抚州市资溪县'),(1363, '361025', '江西省抚州市乐安县'),(1364, '360502', '江西省新余市渝水区'),(1365, '360521', '江西省新余市分宜县'),(1366, '360302', '江西省萍乡市安源区'),(1367, '360322', '江西省萍乡市上栗县'),(1368, '360313', '江西省萍乡市湘东区'),(1369, '360323', '江西省萍乡市芦溪县'),(1370, '360321', '江西省萍乡市莲花县'),(1371, '140524', '山西省晋城市陵川县'),(1372, '652926', '新疆维吾尔自治区阿克苏地区拜城县'),(1373, '652925', '新疆维吾尔自治区阿克苏地区新和县'),(1374, '652929', '新疆维吾尔自治区阿克苏地区柯坪县'),(1375, '652922', '新疆维吾尔自治区阿克苏地区温宿县'),(1376, '652928', '新疆维吾尔自治区阿克苏地区阿瓦提县'),(1377, '652901', '新疆维吾尔自治区阿克苏地区阿克苏市'),(1378, '654322', '新疆维吾尔自治区阿勒泰地区富蕴县'),(1379, '652822', '新疆维吾尔自治区巴音郭楞蒙古自治州轮台县'),(1380, '652829', '新疆维吾尔自治区巴音郭楞蒙古自治州博湖县'),(1381, '652826', '新疆维吾尔自治区巴音郭楞蒙古自治州焉耆回族自治县'),(1382, '431021', '湖南省郴州市桂阳县'),(1383, '431129', '湖南省永州市江华瑶族自治县'),(1384, '433122', '湖南省湘西土家族苗族自治州泸溪县'),(1385, '431230', '湖南省怀化市通道侗族自治县'),(1386, '433123', '湖南省湘西土家族苗族自治州凤凰县'),(1387, '433126', '湖南省湘西土家族苗族自治州古丈县'),(1388, '431127', '湖南省永州市蓝山县'),(1389, '431103', '湖南省永州市冷水滩区'),(1390, '431025', '湖南省郴州市临武县'),(1391, '430406', '湖南省衡阳市雁峰区'),(1392, '431228', '湖南省怀化市芷江侗族自治县'),(1393, '430405', '湖南省衡阳市珠晖区'),(1394, '431024', '湖南省郴州市嘉禾县'),(1395, '532801', '云南省西双版纳傣族自治州景洪市'),(1396, '532823', '云南省西双版纳傣族自治州勐腊县'),(1397, '532924', '云南省大理白族自治州宾川县'),(1398, '532929', '云南省大理白族自治州云龙县'),(1399, '510181', '四川省成都市都江堰市'),(1400, '510184', '四川省成都市崇州市'),(1401, '510129', '四川省成都市大邑县'),(1402, '510131', '四川省成都市蒲江县'),(1403, '510114', '四川省成都市新都区'),(1404, '511802', '四川省雅安市雨城区'),(1405, '511402', '四川省眉山市东坡区'),(1406, '510683', '四川省德阳市绵竹市'),(1407, '510681', '四川省德阳市广汉市'),(1408, '510682', '四川省德阳市什邡市'),(1409, '510722', '四川省绵阳市三台县'),(1410, '510726', '四川省绵阳市北川羌族自治县'),(1411, '510781', '四川省绵阳市江油市'),(1412, '510727', '四川省绵阳市平武县'),(1413, '652902', '新疆维吾尔自治区阿克苏地区库车市'),(1414, '652924', '新疆维吾尔自治区阿克苏地区沙雅县'),(1415, '652927', '新疆维吾尔自治区阿克苏地区乌什县'),(1416, '659002', '新疆维吾尔自治区阿拉尔市阿拉尔市'),(1417, '654326', '新疆维吾尔自治区阿勒泰地区吉木乃县'),(1418, '654301', '新疆维吾尔自治区阿勒泰地区阿勒泰市'),(1419, '653001', '新疆维吾尔自治区克孜勒苏柯尔克孜自治州阿图什市'),(1420, '653023', '新疆维吾尔自治区克孜勒苏柯尔克孜自治州阿合奇县'),(1421, '654225', '新疆维吾尔自治区塔城地区裕民县'),(1422, '654201', '新疆维吾尔自治区塔城地区塔城市'),(1423, '654224', '新疆维吾尔自治区塔城地区托里县'),(1424, '659005', '新疆维吾尔自治区北屯市北屯市'),(1425, '210204', '辽宁省大连市沙河口区'),(1426, '511921', '四川省巴中市通江县'),(1427, '511922', '四川省巴中市南江县'),(1428, '511803', '四川省雅安市名山区'),(1429, '511822', '四川省雅安市荥经县'),(1430, '511823', '四川省雅安市汉源县'),(1431, '511824', '四川省雅安市石棉县'),(1432, '513223', '四川省阿坝藏族羌族自治州茂县'),(1433, '513226', '四川省阿坝藏族羌族自治州金川县'),(1434, '513227', '四川省阿坝藏族羌族自治州小金县'),(1435, '513228', '四川省阿坝藏族羌族自治州黑水县'),(1436, '513301', '四川省甘孜藏族自治州康定市'),(1437, '513322', '四川省甘孜藏族自治州泸定县'),(1438, '513323', '四川省甘孜藏族自治州丹巴县'),(1439, '510802', '四川省广元市利州区'),(1440, '511113', '四川省乐山市金口河区'),(1441, '511123', '四川省乐山市犍为县'),(1442, '511423', '四川省眉山市洪雅县'),(1443, '511424', '四川省眉山市丹棱县'),(1444, '511825', '四川省雅安市天全县'),(1445, '511826', '四川省雅安市芦山县'),(1446, '511827', '四川省雅安市宝兴县'),(1447, '513221', '四川省阿坝藏族羌族自治州汶川县'),(1448, '513222', '四川省阿坝藏族羌族自治州理县'),(1449, '511325', '四川省南充市西充县'),(1450, '430104', '湖南省长沙市岳麓区'),(1451, '431128', '湖南省永州市新田县'),(1452, '430408', '湖南省衡阳市蒸湘区'),(1453, '431229', '湖南省怀化市靖州苗族侗族自治县'),(1454, '430682', '湖南省岳阳市临湘市'),(1455, '150223', '内蒙古自治区包头市达尔罕茂明安联合旗'),(1456, '150422', '内蒙古自治区赤峰市巴林左旗'),(1457, '150221', '内蒙古自治区包头市土默特右旗'),(1458, '150222', '内蒙古自治区包头市固阳县'),(1459, '150624', '内蒙古自治区鄂尔多斯市鄂托克旗'),(1460, '150626', '内蒙古自治区鄂尔多斯市乌审旗'),(1461, '150625', '内蒙古自治区鄂尔多斯市杭锦旗'),(1462, '150726', '内蒙古自治区呼伦贝尔市新巴尔虎左旗'),(1463, '150727', '内蒙古自治区呼伦贝尔市新巴尔虎右旗'),(1464, '150206', '内蒙古自治区包头市白云鄂博矿区'),(1465, '540102', '西藏自治区拉萨市城关区'),(1466, '540104', '西藏自治区拉萨市达孜区'),(1467, '540122', '西藏自治区拉萨市当雄县'),(1468, '540103', '西藏自治区拉萨市堆龙德庆区'),(1469, '540121', '西藏自治区拉萨市林周县'),(1470, '540127', '西藏自治区拉萨市墨竹工卡县'),(1471, '540123', '西藏自治区拉萨市尼木县'),(1472, '540124', '西藏自治区拉萨市曲水县'),(1473, '540326', '西藏自治区昌都市八宿县'),(1474, '540330', '西藏自治区昌都市边坝县'),(1475, '540325', '西藏自治区昌都市察雅县'),(1476, '540324', '西藏自治区昌都市丁青县'),(1477, '540322', '西藏自治区昌都市贡觉县'),(1478, '540321', '西藏自治区昌都市江达县'),(1479, '540302', '西藏自治区昌都市卡若区'),(1480, '540323', '西藏自治区昌都市类乌齐县'),(1481, '540329', '西藏自治区昌都市洛隆县'),(1482, '540328', '西藏自治区昌都市芒康县'),(1483, '540327', '西藏自治区昌都市左贡县'),(1484, '540402', '西藏自治区林芝市巴宜区'),(1485, '540424', '西藏自治区林芝市波密县'),(1486, '540425', '西藏自治区林芝市察隅县'),(1487, '540421', '西藏自治区林芝市工布江达县'),(1488, '540426', '西藏自治区林芝市朗县'),(1489, '540422', '西藏自治区林芝市米林县'),(1490, '540423', '西藏自治区林芝市墨脱县'),(1491, '533324', '云南省怒江傈僳族自治州贡山独龙族怒族自治县'),(1492, '620923', '甘肃省酒泉市肃北蒙古族自治县'),(1493, '360404', '江西省九江市柴桑区'),(1494, '659006', '新疆维吾尔自治区铁门关市铁门关市'),(1495, '420381', '湖北省十堰市丹江口市'),(1496, '420302', '湖北省十堰市茅箭区'),(1497, '420322', '湖北省十堰市郧西县'),(1498, '420304', '湖北省十堰市郧阳区'),(1499, '420303', '湖北省十堰市张湾区'),(1500, '420323', '湖北省十堰市竹山县'),(1501, '420324', '湖北省十堰市竹溪县'),(1502, '420325', '湖北省十堰市房县'),(1503, '610929', '陕西省安康市白河县'),(1504, '610902', '陕西省安康市汉滨区'),(1505, '610921', '陕西省安康市汉阴县'),(1506, '610925', '陕西省安康市岚皋县'),(1507, '610923', '陕西省安康市宁陕县'),(1508, '610926', '陕西省安康市平利县'),(1509, '610922', '陕西省安康市石泉县'),(1510, '610928', '陕西省安康市旬阳市'),(1511, '610927', '陕西省安康市镇坪县'),(1512, '610924', '陕西省安康市紫阳县'),(1513, '611022', '陕西省商洛市丹凤县'),(1514, '611021', '陕西省商洛市洛南县'),(1515, '611024', '陕西省商洛市山阳县'),(1516, '611023', '陕西省商洛市商南县'),(1517, '611002', '陕西省商洛市商州区'),(1518, '611026', '陕西省商洛市柞水县'),(1519, '611025', '陕西省商洛市镇安县'),(1520, '420626', '湖北省襄阳市保康县'),(1521, '420606', '湖北省襄阳市樊城区'),(1522, '420625', '湖北省襄阳市谷城县'),(1523, '420682', '湖北省襄阳市老河口市'),(1524, '420624', '湖北省襄阳市南漳县'),(1525, '420602', '湖北省襄阳市襄城区'),(1526, '420607', '湖北省襄阳市襄州区'),(1527, '420684', '湖北省襄阳市宜城市'),(1528, '420683', '湖北省襄阳市枣阳市'),(1529, '429021', '湖北省神农架林区神农架林区'),(1530, '610482', '陕西省咸阳市彬州市'),(1531, '610430', '陕西省咸阳市淳化县'),(1532, '610423', '陕西省咸阳市泾阳县'),(1533, '610425', '陕西省咸阳市礼泉县'),(1534, '610424', '陕西省咸阳市乾县'),(1535, '610402', '陕西省咸阳市秦都区'),(1536, '610422', '陕西省咸阳市三原县'),(1537, '610404', '陕西省咸阳市渭城区'),(1538, '610431', '陕西省咸阳市武功县'),(1539, '610481', '陕西省咸阳市兴平市'),(1540, '610429', '陕西省咸阳市旬邑县'),(1541, '610403', '陕西省咸阳市杨陵区'),(1542, '610426', '陕西省咸阳市永寿县'),(1543, '610428', '陕西省咸阳市长武县'),(1544, '610304', '陕西省宝鸡市陈仓区'),(1545, '610330', '陕西省宝鸡市凤县'),(1546, '610322', '陕西省宝鸡市凤翔区'),(1547, '610324', '陕西省宝鸡市扶风县'),(1548, '610303', '陕西省宝鸡市金台区'),(1549, '610329', '陕西省宝鸡市麟游县'),(1550, '610327', '陕西省宝鸡市陇县'),(1551, '610326', '陕西省宝鸡市眉县'),(1552, '610323', '陕西省宝鸡市岐山县'),(1553, '610328', '陕西省宝鸡市千阳县'),(1554, '610331', '陕西省宝鸡市太白县'),(1555, '610302', '陕西省宝鸡市渭滨区'),(1556, '610722', '陕西省汉中市城固县'),(1557, '610730', '陕西省汉中市佛坪县'),(1558, '610702', '陕西省汉中市汉台区'),(1559, '610729', '陕西省汉中市留坝县'),(1560, '610727', '陕西省汉中市略阳县'),(1561, '610725', '陕西省汉中市勉县'),(1562, '610703', '陕西省汉中市南郑区'),(1563, '610726', '陕西省汉中市宁强县'),(1564, '610724', '陕西省汉中市西乡县'),(1565, '610723', '陕西省汉中市洋县'),(1566, '610728', '陕西省汉中市镇巴县'),(1567, '610527', '陕西省渭南市白水县'),(1568, '610525', '陕西省渭南市澄城县'),(1569, '610523', '陕西省渭南市大荔县'),(1570, '610528', '陕西省渭南市富平县'),(1571, '610581', '陕西省渭南市韩城市'),(1572, '610524', '陕西省渭南市合阳县'),(1573, '610582', '陕西省渭南市华阴市'),(1574, '610503', '陕西省渭南市华州区'),(1575, '610502', '陕西省渭南市临渭区'),(1576, '610526', '陕西省渭南市蒲城县'),(1577, '610522', '陕西省渭南市潼关县'),(1578, '610117', '陕西省西安市高陵区'),(1579, '610118', '陕西省西安市鄠邑区'),(1580, '610122', '陕西省西安市蓝田县'),(1581, '610115', '陕西省西安市临潼区'),(1582, '610114', '陕西省西安市阎良区'),(1583, '610116', '陕西省西安市长安区'),(1584, '610124', '陕西省西安市周至县'),(1585, '421281', '湖北省咸宁市赤壁市'),(1586, '421223', '湖北省咸宁市崇阳县'),(1587, '421221', '湖北省咸宁市嘉鱼县'),(1588, '421222', '湖北省咸宁市通城县'),(1589, '421224', '湖北省咸宁市通山县'),(1590, '421202', '湖北省咸宁市咸安区'),(1591, '422823', '湖北省恩施土家族苗族自治州巴东县'),(1592, '422801', '湖北省恩施土家族苗族自治州恩施市'),(1593, '422828', '湖北省恩施土家族苗族自治州鹤峰县'),(1594, '422825', '湖北省恩施土家族苗族自治州宣恩县'),(1595, '422827', '湖北省恩施土家族苗族自治州来凤县'),(1596, '422826', '湖北省恩施土家族苗族自治州咸丰县'),(1597, '422802', '湖北省恩施土家族苗族自治州利川市'),(1598, '422822', '湖北省恩施土家族苗族自治州建始县'),(1599, '141027', '山西省临汾市浮山县'),(1600, '141025', '山西省临汾市古县'),(1601, '141024', '山西省临汾市洪洞县'),(1602, '141031', '山西省临汾市隰县'),(1603, '141032', '山西省临汾市永和县'),(1604, '141028', '山西省临汾市吉县'),(1605, '141033', '山西省临汾市蒲县'),(1606, '141029', '山西省临汾市乡宁县'),(1607, '141021', '山西省临汾市曲沃县'),(1608, '141002', '山西省临汾市尧都区'),(1609, '141026', '山西省临汾市安泽县'),(1610, '141082', '山西省临汾市霍州市'),(1611, '141030', '山西省临汾市大宁县'),(1612, '141034', '山西省临汾市汾西县'),(1613, '141022', '山西省临汾市翼城县'),(1614, '141023', '山西省临汾市襄汾县'),(1615, '141081', '山西省临汾市侯马市'),(1616, '140223', '山西省大同市广灵县'),(1617, '140226', '山西省大同市左云县'),(1618, '140215', '山西省大同市云州区'),(1619, '140214', '山西省大同市云冈区'),(1620, '140221', '山西省大同市阳高县'),(1621, '140212', '山西省大同市新荣区'),(1622, '140222', '山西省大同市天镇县'),(1623, '140224', '山西省大同市灵丘县'),(1624, '140225', '山西省大同市浑源县'),(1625, '140502', '山西省晋城市城区'),(1626, '140521', '山西省晋城市沁水县'),(1627, '140522', '山西省晋城市阳城县'),(1628, '140581', '山西省晋城市高平市'),(1629, '140525', '山西省晋城市泽州县'),(1630, '140431', '山西省长治市沁源县'),(1631, '140428', '山西省长治市长子县'),(1632, '140427', '山西省长治市壶关县'),(1633, '140404', '山西省长治市上党区'),(1634, '140429', '山西省长治市武乡县'),(1635, '140430', '山西省长治市沁县'),(1636, '140403', '山西省长治市潞州区'),(1637, '140406', '山西省长治市潞城区'),(1638, '140425', '山西省长治市平顺县'),(1639, '140405', '山西省长治市屯留区'),(1640, '140423', '山西省长治市襄垣县'),(1641, '120117', '天津市宁河区'),(1642, '420982', '湖北省孝感市安陆市'),(1643, '420922', '湖北省孝感市大悟县'),(1644, '420984', '湖北省孝感市汉川市'),(1645, '420921', '湖北省孝感市孝昌县'),(1646, '420902', '湖北省孝感市孝南区'),(1647, '420981', '湖北省孝感市应城市'),(1648, '420923', '湖北省孝感市云梦县'),(1649, '429006', '湖北省天门市天门市'),(1650, '420802', '湖北省荆门市东宝区'),(1651, '420804', '湖北省荆门市掇刀区'),(1652, '420882', '湖北省荆门市京山市'),(1653, '420822', '湖北省荆门市沙洋县'),(1654, '420881', '湖北省荆门市钟祥市'),(1655, '420582', '湖北省宜昌市当阳市'),(1656, '420504', '湖北省宜昌市点军区'),(1657, '420529', '湖北省宜昌市五峰土家族自治县'),(1658, '420503', '湖北省宜昌市伍家岗区'),(1659, '420502', '湖北省宜昌市西陵区'),(1660, '420505', '湖北省宜昌市猇亭区'),(1661, '420526', '湖北省宜昌市兴山县'),(1662, '420506', '湖北省宜昌市夷陵区'),(1663, '420581', '湖北省宜昌市宜都市'),(1664, '420525', '湖北省宜昌市远安县'),(1665, '420528', '湖北省宜昌市长阳土家族自治县'),(1666, '420583', '湖北省宜昌市枝江市'),(1667, '420527', '湖北省宜昌市秭归县'),(1668, '420114', '湖北省武汉市蔡甸区'),(1669, '420112', '湖北省武汉市东西湖区'),(1670, '420113', '湖北省武汉市汉南区'),(1671, '420105', '湖北省武汉市汉阳区'),(1672, '420111', '湖北省武汉市洪山区'),(1673, '420116', '湖北省武汉市黄陂区'),(1674, '420102', '湖北省武汉市江岸区'),(1675, '420103', '湖北省武汉市江汉区'),(1676, '420115', '湖北省武汉市江夏区'),(1677, '420104', '湖北省武汉市硚口区'),(1678, '420107', '湖北省武汉市青山区'),(1679, '420106', '湖北省武汉市武昌区'),(1680, '420117', '湖北省武汉市新洲区'),(1681, '429005', '湖北省潜江市潜江市'),(1682, '421022', '湖北省荆州市公安县'),(1683, '421083', '湖北省荆州市洪湖市'),(1684, '421023', '湖北省荆州市监利市'),(1685, '421024', '湖北省荆州市江陵县'),(1686, '421003', '湖北省荆州市荆州区'),(1687, '421002', '湖北省荆州市沙市区'),(1688, '421081', '湖北省荆州市石首市'),(1689, '421087', '湖北省荆州市松滋市'),(1690, '510107', '四川省成都市武侯区'),(1691, '511323', '四川省南充市蓬安县'),(1692, '710309', '台湾省新北市三芝区'),(1693, '710607', '台湾省桃园市芦竹乡'),(1694, '710608', '台湾省桃园市观音乡'),(1695, '710418', '台湾省台中市大甲区'),(1696, '710328', '台湾省新北市瑞芳区'),(1697, '710327', '台湾省新北市淡水区'),(1698, '710326', '台湾省新北市万里区'),(1699, '710429', '台湾省台中市大安区'),(1700, '710419', '台湾省台中市梧栖区'),(1701, '710428', '台湾省台中市清水区'),(1702, '710301', '台湾省新北市八里区'),(1703, '710318', '台湾省新北市林口区'),(1704, '710611', '台湾省桃园市大园乡'),(1705, '710612', '台湾省桃园市新屋乡'),(1706, '710409', '台湾省台中市龙井区'),(1707, '719014', '台湾省澎湖县澎湖县'),(1708, '710329', '台湾省新北市石门区'),(1709, '710325', '台湾省新北市金山区'),(1710, '710324', '台湾省新北市贡寮区'),(1711, '310151', '上海市崇明区'),(1712, '710205', '台湾省高雄市旗津区'),(1713, '710234', '台湾省高雄市盐埕区'),(1714, '710535', '台湾省台南市北门区'),(1715, '710225', '台湾省高雄市林园区'),(1716, '710201', '台湾省高雄市小港区'),(1717, '710221', '台湾省高雄市前镇区'),(1718, '710212', '台湾省高雄市苓雅区'),(1719, '710227', '台湾省高雄市鼓山区'),(1720, '710202', '台湾省高雄市左营区'),(1721, '710210', '台湾省高雄市楠梓区'),(1722, '710214', '台湾省高雄市梓官区'),(1723, '710206', '台湾省高雄市弥陀区'),(1724, '710236', '台湾省高雄市永安区'),(1725, '710219', '台湾省高雄市茄萣区'),(1726, '710533', '台湾省台南市南区'),(1727, '710534', '台湾省台南市安平区'),(1728, '710521', '台湾省台南市安南区'),(1729, '710536', '台湾省台南市七股区'),(1730, '710537', '台湾省台南市将军区'),(1731, '211003', '辽宁省辽阳市文圣区'),(1732, '211004', '辽宁省辽阳市宏伟区'),(1733, '211011', '辽宁省辽阳市太子河区'),(1734, '211021', '辽宁省辽阳市辽阳县'),(1735, '211005', '辽宁省辽阳市弓长岭区'),(1736, '211081', '辽宁省辽阳市灯塔市'),(1737, '141127', '山西省吕梁市岚县'),(1738, '141123', '山西省吕梁市兴县'),(1739, '141130', '山西省吕梁市交口县'),(1740, '141126', '山西省吕梁市石楼县'),(1741, '141124', '山西省吕梁市临县'),(1742, '141128', '山西省吕梁市方山县'),(1743, '141122', '山西省吕梁市交城县'),(1744, '141102', '山西省吕梁市离石区'),(1745, '141125', '山西省吕梁市柳林县'),(1746, '141121', '山西省吕梁市文水县'),(1747, '141182', '山西省吕梁市汾阳市'),(1748, '141129', '山西省吕梁市中阳县'),(1749, '141181', '山西省吕梁市孝义市'),(1750, '140121', '山西省太原市清徐县'),(1751, '140122', '山西省太原市阳曲县'),(1752, '140123', '山西省太原市娄烦县'),(1753, '140108', '山西省太原市尖草坪区'),(1754, '140106', '山西省太原市迎泽区'),(1755, '140109', '山西省太原市万柏林区'),(1756, '140105', '山西省太原市小店区'),(1757, '140110', '山西省太原市晋源区'),(1758, '140181', '山西省太原市古交市'),(1759, '140723', '山西省晋中市和顺县'),(1760, '140781', '山西省晋中市介休市'),(1761, '140729', '山西省晋中市灵石县'),(1762, '140728', '山西省晋中市平遥县'),(1763, '140727', '山西省晋中市祁县'),(1764, '140722', '山西省晋中市左权县'),(1765, '140721', '山西省晋中市榆社县'),(1766, '140703', '山西省晋中市太谷区'),(1767, '140702', '山西省晋中市榆次区'),(1768, '140725', '山西省晋中市寿阳县'),(1769, '140724', '山西省晋中市昔阳县'),(1770, '140602', '山西省朔州市朔城区'),(1771, '140622', '山西省朔州市应县'),(1772, '140681', '山西省朔州市怀仁市'),(1773, '140621', '山西省朔州市山阴县'),(1774, '140623', '山西省朔州市右玉县'),(1775, '140603', '山西省朔州市平鲁区'),(1776, '140830', '山西省运城市芮城县'),(1777, '140826', '山西省运城市绛县'),(1778, '140829', '山西省运城市平陆县'),(1779, '140824', '山西省运城市稷山县'),(1780, '140821', '山西省运城市临猗县'),(1781, '140882', '山西省运城市河津市'),(1782, '140827', '山西省运城市垣曲县'),(1783, '140881', '山西省运城市永济市'),(1784, '140802', '山西省运城市盐湖区'),(1785, '140825', '山西省运城市新绛县'),(1786, '140828', '山西省运城市夏县'),(1787, '140823', '山西省运城市闻喜县'),(1788, '140822', '山西省运城市万荣县'),(1789, '360423', '江西省九江市武宁县'),(1790, '360428', '江西省九江市都昌县'),(1791, '360430', '江西省九江市彭泽县'),(1792, '360429', '江西省九江市湖口县'),(1793, '360402', '江西省九江市濂溪区'),(1794, '360483', '江西省九江市庐山市'),(1795, '360403', '江西省九江市浔阳区'),(1796, '360482', '江西省九江市共青城市'),(1797, '360425', '江西省九江市永修县'),(1798, '360426', '江西省九江市德安县'),(1799, '360481', '江西省九江市瑞昌市'),(1800, '360424', '江西省九江市修水县'),(1801, '360202', '江西省景德镇市昌江区'),(1802, '360222', '江西省景德镇市浮梁县'),(1803, '360281', '江西省景德镇市乐平市'),(1804, '361128', '江西省上饶市鄱阳县'),(1805, '361130', '江西省上饶市婺源县'),(1806, '361181', '江西省上饶市德兴市'),(1807, '361123', '江西省上饶市玉山县'),(1808, '361125', '江西省上饶市横峰县'),(1809, '361126', '江西省上饶市弋阳县'),(1810, '361102', '江西省上饶市信州区'),(1811, '361104', '江西省上饶市广信区'),(1812, '361103', '江西省上饶市广丰区'),(1813, '361124', '江西省上饶市铅山县'),(1814, '361129', '江西省上饶市万年县'),(1815, '361127', '江西省上饶市余干县'),(1816, '540530', '西藏自治区山南市错那县'),(1817, '540528', '西藏自治区山南市加查县'),(1818, '540523', '西藏自治区山南市桑日县'),(1819, '540525', '西藏自治区山南市曲松县'),(1820, '540502', '西藏自治区山南市乃东区'),(1821, '540524', '西藏自治区山南市琼结县'),(1822, '540521', '西藏自治区山南市扎囊县'),(1823, '540526', '西藏自治区山南市措美县'),(1824, '540522', '西藏自治区山南市贡嘎县'),(1825, '540531', '西藏自治区山南市浪卡子县'),(1826, '540527', '西藏自治区山南市洛扎县'),(1827, '540529', '西藏自治区山南市隆子县'),(1828, '540221', '西藏自治区日喀则市南木林县'),(1829, '540230', '西藏自治区日喀则市康马县'),(1830, '540222', '西藏自治区日喀则市江孜县'),(1831, '540229', '西藏自治区日喀则市仁布县'),(1832, '540202', '西藏自治区日喀则市桑珠孜区'),(1833, '540227', '西藏自治区日喀则市谢通门县'),(1834, '540228', '西藏自治区日喀则市白朗县'),(1835, '540224', '西藏自治区日喀则市萨迦县'),(1836, '540233', '西藏自治区日喀则市亚东县'),(1837, '540237', '西藏自治区日喀则市岗巴县'),(1838, '540231', '西藏自治区日喀则市定结县'),(1839, '540225', '西藏自治区日喀则市拉孜县'),(1840, '540226', '西藏自治区日喀则市昂仁县'),(1841, '540223', '西藏自治区日喀则市定日县'),(1842, '540235', '西藏自治区日喀则市聂拉木县'),(1843, '540236', '西藏自治区日喀则市萨嘎县'),(1844, '540234', '西藏自治区日喀则市吉隆县'),(1845, '540232', '西藏自治区日喀则市仲巴县'),(1846, '540623', '西藏自治区那曲市聂荣县'),(1847, '540602', '西藏自治区那曲市色尼区'),(1848, '540624', '西藏自治区那曲市安多县'),(1849, '540629', '西藏自治区那曲市尼玛县'),(1850, '540625', '西藏自治区那曲市申扎县'),(1851, '540627', '西藏自治区那曲市班戈县'),(1852, '540626', '西藏自治区那曲市索县'),(1853, '540628', '西藏自治区那曲市巴青县'),(1854, '540630', '西藏自治区那曲市双湖县'),(1855, '540621', '西藏自治区那曲市嘉黎县'),(1856, '540622', '西藏自治区那曲市比如县'),(1857, '542525', '西藏自治区阿里地区革吉县'),(1858, '542521', '西藏自治区阿里地区普兰县'),(1859, '542526', '西藏自治区阿里地区改则县'),(1860, '542527', '西藏自治区阿里地区措勤县'),(1861, '542522', '西藏自治区阿里地区札达县'),(1862, '542524', '西藏自治区阿里地区日土县'),(1863, '542523', '西藏自治区阿里地区噶尔县'),(1864, '420703', '湖北省鄂州市华容区'),(1865, '420702', '湖北省鄂州市梁子湖区'),(1866, '420704', '湖北省鄂州市鄂城区'),(1867, '421303', '湖北省随州市曾都区'),(1868, '421321', '湖北省随州市随县'),(1869, '421381', '湖北省随州市广水市'),(1870, '421182', '湖北省黄冈市武穴市'),(1871, '421181', '湖北省黄冈市麻城市'),(1872, '421121', '湖北省黄冈市团风县'),(1873, '421122', '湖北省黄冈市红安县'),(1874, '421125', '湖北省黄冈市浠水县'),(1875, '421126', '湖北省黄冈市蕲春县'),(1876, '421127', '湖北省黄冈市黄梅县'),(1877, '421102', '湖北省黄冈市黄州区'),(1878, '421123', '湖北省黄冈市罗田县'),(1879, '421124', '湖北省黄冈市英山县'),(1880, '420203', '湖北省黄石市西塞山区'),(1881, '420204', '湖北省黄石市下陆区'),(1882, '420205', '湖北省黄石市铁山区'),(1883, '420222', '湖北省黄石市阳新县'),(1884, '420281', '湖北省黄石市大冶市'),(1885, '500106', '重庆市沙坪坝区'),(1886, '500242', '重庆市酉阳土家族苗族自治县'),(1887, '500230', '重庆市丰都县'),(1888, '500243', '重庆市彭水苗族土家族自治县'),(1889, '500118', '重庆市永川区'),(1890, '500156', '重庆市武隆区'),(1891, '500116', '重庆市江津区'),(1892, '500120', '重庆市璧山区'),(1893, '500152', '重庆市潼南区'),(1894, '500151', '重庆市铜梁区'),(1895, '500117', '重庆市合川区'),(1896, '500113', '重庆市巴南区'),(1897, '500238', '重庆市巫溪县'),(1898, '500110', '重庆市綦江区'),(1899, '500119', '重庆市南川区'),(1900, '500155', '重庆市梁平区'),(1901, '500102', '重庆市涪陵区'),(1902, '500231', '重庆市垫江县'),(1903, '500111', '重庆市大足区'),(1904, '500154', '重庆市开州区'),(1905, '152524', '内蒙古自治区锡林郭勒盟苏尼特右旗'),(1906, '152528', '内蒙古自治区锡林郭勒盟镶黄旗'),(1907, '150621', '内蒙古自治区鄂尔多斯市达拉特旗'),(1908, '150622', '内蒙古自治区鄂尔多斯市准格尔旗'),(1909, '150627', '内蒙古自治区鄂尔多斯市伊金霍洛旗'),(1910, '150623', '内蒙古自治区鄂尔多斯市鄂托克前旗'),(1911, '150602', '内蒙古自治区鄂尔多斯市东胜区'),(1912, '150522', '内蒙古自治区通辽市科尔沁左翼后旗'),(1913, '150523', '内蒙古自治区通辽市开鲁县'),(1914, '150521', '内蒙古自治区通辽市科尔沁左翼中旗'),(1915, '150525', '内蒙古自治区通辽市奈曼旗'),(1916, '150581', '内蒙古自治区通辽市霍林郭勒市'),(1917, '150524', '内蒙古自治区通辽市库伦旗'),(1918, '150421', '内蒙古自治区赤峰市阿鲁科尔沁旗'),(1919, '150424', '内蒙古自治区赤峰市林西县'),(1920, '150426', '内蒙古自治区赤峰市翁牛特旗'),(1921, '150425', '内蒙古自治区赤峰市克什克腾旗'),(1922, '150423', '内蒙古自治区赤峰市巴林右旗'),(1923, '150428', '内蒙古自治区赤峰市喀喇沁旗'),(1924, '150429', '内蒙古自治区赤峰市宁城县'),(1925, '150430', '内蒙古自治区赤峰市敖汉旗'),(1926, '150783', '内蒙古自治区呼伦贝尔市扎兰屯市'),(1927, '150724', '内蒙古自治区呼伦贝尔市鄂温克族自治旗'),(1928, '150782', '内蒙古自治区呼伦贝尔市牙克石市'),(1929, '150725', '内蒙古自治区呼伦贝尔市陈巴尔虎旗'),(1930, '150785', '内蒙古自治区呼伦贝尔市根河市'),(1931, '150721', '内蒙古自治区呼伦贝尔市阿荣旗'),(1932, '150722', '内蒙古自治区呼伦贝尔市莫力达瓦达斡尔族自治旗'),(1933, '150207', '内蒙古自治区包头市九原区'),(1934, '150784', '内蒙古自治区呼伦贝尔市额尔古纳市'),(1935, '371721', '山东省菏泽市曹县'),(1936, '150124', '内蒙古自治区呼和浩特市清水河县'),(1937, '152201', '内蒙古自治区兴安盟乌兰浩特市'),(1938, '152221', '内蒙古自治区兴安盟科尔沁右翼前旗'),(1939, '140924', '山西省忻州市繁峙县'),(1940, '140922', '山西省忻州市五台县'),(1941, '140923', '山西省忻州市代县'),(1942, '140981', '山西省忻州市原平市'),(1943, '140921', '山西省忻州市定襄县'),(1944, '140925', '山西省忻州市宁武县'),(1945, '140902', '山西省忻州市忻府区'),(1946, '140927', '山西省忻州市神池县'),(1947, '140928', '山西省忻州市五寨县'),(1948, '140926', '山西省忻州市静乐县'),(1949, '140929', '山西省忻州市岢岚县'),(1950, '140932', '山西省忻州市偏关县'),(1951, '140930', '山西省忻州市河曲县'),(1952, '140931', '山西省忻州市保德县'),(1953, '350303', '福建省莆田市涵江区'),(1954, '350305', '福建省莆田市秀屿区'),(1955, '350322', '福建省莆田市仙游县'),(1956, '350302', '福建省莆田市城厢区'),(1957, '350304', '福建省莆田市荔城区'),(1958, '360827', '江西省吉安市遂川县'),(1959, '360826', '江西省吉安市泰和县'),(1960, '360881', '江西省吉安市井冈山市'),(1961, '360821', '江西省吉安市吉安县'),(1962, '360829', '江西省吉安市安福县'),(1963, '360824', '江西省吉安市新干县'),(1964, '360802', '江西省吉安市吉州区'),(1965, '360803', '江西省吉安市青原区'),(1966, '360828', '江西省吉安市万安县'),(1967, '360825', '江西省吉安市永丰县'),(1968, '360823', '江西省吉安市峡江县'),(1969, '360830', '江西省吉安市永新县'),(1970, '360822', '江西省吉安市吉水县'),(1971, '360921', '江西省宜春市奉新县'),(1972, '360982', '江西省宜春市樟树市'),(1973, '360981', '江西省宜春市丰城市'),(1974, '360902', '江西省宜春市袁州区'),(1975, '360923', '江西省宜春市上高县'),(1976, '360924', '江西省宜春市宜丰县'),(1977, '360922', '江西省宜春市万载县'),(1978, '360926', '江西省宜春市铜鼓县'),(1979, '360983', '江西省宜春市高安市'),(1980, '360925', '江西省宜春市靖安县'),(1981, '360704', '江西省赣州市赣县区'),(1982, '360702', '江西省赣州市章贡区'),(1983, '360726', '江西省赣州市安远县'),(1984, '360781', '江西省赣州市瑞金市'),(1985, '360733', '江西省赣州市会昌县'),(1986, '360735', '江西省赣州市石城县'),(1987, '360730', '江西省赣州市宁都县'),(1988, '360732', '江西省赣州市兴国县'),(1989, '360723', '江西省赣州市大余县'),(1990, '360725', '江西省赣州市崇义县'),(1991, '360724', '江西省赣州市上犹县'),(1992, '360703', '江西省赣州市南康区'),(1993, '360731', '江西省赣州市于都县'),(1994, '360728', '江西省赣州市定南县'),(1995, '360734', '江西省赣州市寻乌县'),(1996, '360783', '江西省赣州市龙南市'),(1997, '360729', '江西省赣州市全南县'),(1998, '360722', '江西省赣州市信丰县'),(1999, '360602', '江西省鹰潭市月湖区'),(2000, '360681', '江西省鹰潭市贵溪市'),(2001, '360603', '江西省鹰潭市余江区'),(2002, '500235', '重庆市云阳县'),(2003, '500109', '重庆市北碚区'),(2004, '500101', '重庆市万州区'),(2005, '500240', '重庆市石柱土家族自治县'),(2006, '500103', '重庆市渝中区'),(2007, '500105', '重庆市江北区'),(2008, '500229', '重庆市城口县'),(2009, '500115', '重庆市长寿区'),(2010, '500237', '重庆市巫山县'),(2011, '500233', '重庆市忠县'),(2012, '500114', '重庆市黔江区'),(2013, '500241', '重庆市秀山土家族苗族自治县'),(2014, '500153', '重庆市荣昌区'),(2015, '500236', '重庆市奉节县'),(2016, '500104', '重庆市大渡口区'),(2017, '500108', '重庆市南岸区'),(2018, '500107', '重庆市九龙坡区'),(2019, '500112', '重庆市渝北区'),(2020, '370702', '山东省潍坊市潍城区'),(2021, '620723', '甘肃省张掖市临泽县'),(2022, '411481', '河南省商丘市永城市'),(2023, '513231', '四川省阿坝藏族羌族自治州阿坝县'),(2024, '513224', '四川省阿坝藏族羌族自治州松潘县'),(2025, '513233', '四川省阿坝藏族羌族自治州红原县'),(2026, '513225', '四川省阿坝藏族羌族自治州九寨沟县'),(2027, '513201', '四川省阿坝藏族羌族自治州马尔康市'),(2028, '513230', '四川省阿坝藏族羌族自治州壤塘县'),(2029, '513232', '四川省阿坝藏族羌族自治州若尔盖县'),(2030, '511902', '四川省巴中市巴州区'),(2031, '511903', '四川省巴中市恩阳区'),(2032, '510185', '四川省成都市简阳市'),(2033, '510116', '四川省成都市双流区'),(2034, '510108', '四川省成都市成华区'),(2035, '510113', '四川省成都市青白江区'),(2036, '510121', '四川省成都市金堂县'),(2037, '510118', '四川省成都市新津区'),(2038, '510182', '四川省成都市彭州市'),(2039, '510104', '四川省成都市锦江区'),(2040, '510106', '四川省成都市金牛区'),(2041, '510117', '四川省成都市郫都区'),(2042, '510105', '四川省成都市青羊区'),(2043, '510183', '四川省成都市邛崃市'),(2044, '510115', '四川省成都市温江区'),(2045, '511723', '四川省达州市开江县'),(2046, '511725', '四川省达州市渠县'),(2047, '511703', '四川省达州市达川区'),(2048, '511702', '四川省达州市通川区'),(2049, '511724', '四川省达州市大竹县'),(2050, '510603', '四川省德阳市旌阳区'),(2051, '510623', '四川省德阳市中江县'),(2052, '510604', '四川省德阳市罗江区'),(2053, '511623', '四川省广安市邻水县'),(2054, '511602', '四川省广安市广安区'),(2055, '511603', '四川省广安市前锋区'),(2056, '511622', '四川省广安市武胜县'),(2057, '511681', '四川省广安市华蓥市'),(2058, '511621', '四川省广安市岳池县'),(2059, '510812', '四川省广元市朝天区'),(2060, '510811', '四川省广元市昭化区'),(2061, '510821', '四川省广元市旺苍县'),(2062, '511133', '四川省乐山市马边彝族自治县'),(2063, '511112', '四川省乐山市五通桥区'),(2064, '511124', '四川省乐山市井研县'),(2065, '511126', '四川省乐山市夹江县'),(2066, '511181', '四川省乐山市峨眉山市'),(2067, '511132', '四川省乐山市峨边彝族自治县'),(2068, '511129', '四川省乐山市沐川县'),(2069, '511111', '四川省乐山市沙湾区'),(2070, '513435', '四川省凉山彝族自治州甘洛县'),(2071, '513422', '四川省凉山彝族自治州木里藏族自治县'),(2072, '513424', '四川省凉山彝族自治州德昌县'),(2073, '513430', '四川省凉山彝族自治州金阳县'),(2074, '513437', '四川省凉山彝族自治州雷波县'),(2075, '513426', '四川省凉山彝族自治州会东县'),(2076, '513427', '四川省凉山彝族自治州宁南县'),(2077, '513434', '四川省凉山彝族自治州越西县'),(2078, '513436', '四川省凉山彝族自治州美姑县'),(2079, '513433', '四川省凉山彝族自治州冕宁县'),(2080, '513423', '四川省凉山彝族自治州盐源县'),(2081, '513401', '四川省凉山彝族自治州西昌市'),(2082, '513432', '四川省凉山彝族自治州喜德县'),(2083, '513429', '四川省凉山彝族自治州布拖县'),(2084, '513428', '四川省凉山彝族自治州普格县'),(2085, '513431', '四川省凉山彝族自治州昭觉县'),(2086, '510502', '四川省泸州市江阳区'),(2087, '510504', '四川省泸州市龙马潭区'),(2088, '510503', '四川省泸州市纳溪区'),(2089, '510524', '四川省泸州市叙永县'),(2090, '510525', '四川省泸州市古蔺县'),(2091, '510521', '四川省泸州市泸县'),(2092, '511403', '四川省眉山市彭山区'),(2093, '511425', '四川省眉山市青神县'),(2094, '510703', '四川省绵阳市涪城区'),(2095, '511381', '四川省南充市阆中市'),(2096, '511321', '四川省南充市南部县'),(2097, '511322', '四川省南充市营山县'),(2098, '511324', '四川省南充市仪陇县'),(2099, '511304', '四川省南充市嘉陵区'),(2100, '511302', '四川省南充市顺庆区'),(2101, '511303', '四川省南充市高坪区'),(2102, '511024', '四川省内江市威远县'),(2103, '511002', '四川省内江市市中区'),(2104, '511025', '四川省内江市资中县'),(2105, '511083', '四川省内江市隆昌市'),(2106, '511011', '四川省内江市东兴区'),(2107, '510422', '四川省攀枝花市盐边县'),(2108, '510402', '四川省攀枝花市东区'),(2109, '510411', '四川省攀枝花市仁和区'),(2110, '510403', '四川省攀枝花市西区'),(2111, '510421', '四川省攀枝花市米易县'),(2112, '510921', '四川省遂宁市蓬溪县'),(2113, '510981', '四川省遂宁市射洪市'),(2114, '510923', '四川省遂宁市大英县'),(2115, '510903', '四川省遂宁市船山区'),(2116, '510904', '四川省遂宁市安居区'),(2117, '511529', '四川省宜宾市屏山县'),(2118, '511524', '四川省宜宾市长宁县'),(2119, '511523', '四川省宜宾市江安县'),(2120, '511502', '四川省宜宾市翠屏区'),(2121, '511525', '四川省宜宾市高县'),(2122, '511526', '四川省宜宾市珙县'),(2123, '511528', '四川省宜宾市兴文县'),(2124, '511503', '四川省宜宾市南溪区'),(2125, '511527', '四川省宜宾市筠连县'),(2126, '512021', '四川省资阳市安岳县'),(2127, '512022', '四川省资阳市乐至县'),(2128, '512002', '四川省资阳市雁江区'),(2129, '510303', '四川省自贡市贡井区'),(2130, '510311', '四川省自贡市沿滩区'),(2131, '510322', '四川省自贡市富顺县'),(2132, '510302', '四川省自贡市自流井区'),(2133, '510304', '四川省自贡市大安区'),(2134, '654022', '新疆维吾尔自治区伊犁哈萨克自治州察布查尔锡伯自治县'),(2135, '654023', '新疆维吾尔自治区伊犁哈萨克自治州霍城县'),(2136, '659008', '新疆维吾尔自治区可克达拉市可克达拉市'),(2137, '510112', '四川省成都市龙泉驿区'),(2138, '513332', '四川省甘孜藏族自治州石渠县'),(2139, '513337', '四川省甘孜藏族自治州稻城县'),(2140, '513325', '四川省甘孜藏族自治州雅江县'),(2141, '513326', '四川省甘孜藏族自治州道孚县'),(2142, '513333', '四川省甘孜藏族自治州色达县'),(2143, '513338', '四川省甘孜藏族自治州得荣县'),(2144, '513330', '四川省甘孜藏族自治州德格县'),(2145, '513327', '四川省甘孜藏族自治州炉霍县'),(2146, '513324', '四川省甘孜藏族自治州九龙县'),(2147, '513336', '四川省甘孜藏族自治州乡城县'),(2148, '513335', '四川省甘孜藏族自治州巴塘县'),(2149, '513329', '四川省甘孜藏族自治州新龙县'),(2150, '513334', '四川省甘孜藏族自治州理塘县'),(2151, '513331', '四川省甘孜藏族自治州白玉县'),(2152, '513328', '四川省甘孜藏族自治州甘孜县'),(2153, '370611', '山东省烟台市福山区'),(2154, '654026', '新疆维吾尔自治区伊犁哈萨克自治州昭苏县'),(2155, '654024', '新疆维吾尔自治区伊犁哈萨克自治州巩留县'),(2156, '654003', '新疆维吾尔自治区伊犁哈萨克自治州奎屯市'),(2157, '654028', '新疆维吾尔自治区伊犁哈萨克自治州尼勒克县'),(2158, '654027', '新疆维吾尔自治区伊犁哈萨克自治州特克斯县'),(2159, '654025', '新疆维吾尔自治区伊犁哈萨克自治州新源县'),(2160, '654002', '新疆维吾尔自治区伊犁哈萨克自治州伊宁市'),(2161, '654021', '新疆维吾尔自治区伊犁哈萨克自治州伊宁县'),(2162, '650107', '新疆维吾尔自治区乌鲁木齐市达坂城区'),(2163, '650109', '新疆维吾尔自治区乌鲁木齐市米东区'),(2164, '650103', '新疆维吾尔自治区乌鲁木齐市沙依巴克区'),(2165, '650105', '新疆维吾尔自治区乌鲁木齐市水磨沟区'),(2166, '650102', '新疆维吾尔自治区乌鲁木齐市天山区'),(2167, '650106', '新疆维吾尔自治区乌鲁木齐市头屯河区'),(2168, '650121', '新疆维吾尔自治区乌鲁木齐市乌鲁木齐县'),(2169, '650104', '新疆维吾尔自治区乌鲁木齐市新市区'),(2170, '650422', '新疆维吾尔自治区吐鲁番市托克逊县'),(2171, '650402', '新疆维吾尔自治区吐鲁番市高昌区'),(2172, '650421', '新疆维吾尔自治区吐鲁番市鄯善县'),(2173, '653024', '新疆维吾尔自治区克孜勒苏柯尔克孜自治州乌恰县'),(2174, '653022', '新疆维吾尔自治区克孜勒苏柯尔克孜自治州阿克陶县'),(2175, '650203', '新疆维吾尔自治区克拉玛依市克拉玛依区'),(2176, '650204', '新疆维吾尔自治区克拉玛依市白碱滩区'),(2177, '650205', '新疆维吾尔自治区克拉玛依市乌尔禾区'),(2178, '650202', '新疆维吾尔自治区克拉玛依市独山子区'),(2179, '653122', '新疆维吾尔自治区喀什地区疏勒县'),(2180, '653128', '新疆维吾尔自治区喀什地区岳普湖县'),(2181, '653124', '新疆维吾尔自治区喀什地区泽普县'),(2182, '653130', '新疆维吾尔自治区喀什地区巴楚县'),(2183, '653129', '新疆维吾尔自治区喀什地区伽师县'),(2184, '653101', '新疆维吾尔自治区喀什地区喀什市'),(2185, '653127', '新疆维吾尔自治区喀什地区麦盖提县'),(2186, '653121', '新疆维吾尔自治区喀什地区疏附县'),(2187, '653131', '新疆维吾尔自治区喀什地区塔什库尔干塔吉克自治县'),(2188, '653126', '新疆维吾尔自治区喀什地区叶城县'),(2189, '653123', '新疆维吾尔自治区喀什地区英吉沙县'),(2190, '652301', '新疆维吾尔自治区昌吉回族自治州昌吉市'),(2191, '652323', '新疆维吾尔自治区昌吉回族自治州呼图壁县'),(2192, '652328', '新疆维吾尔自治区昌吉回族自治州木垒哈萨克自治县'),(2193, '652722', '新疆维吾尔自治区博尔塔拉蒙古自治州精河县'),(2194, '652701', '新疆维吾尔自治区博尔塔拉蒙古自治州博乐市'),(2195, '652825', '新疆维吾尔自治区巴音郭楞蒙古自治州且末县'),(2196, '652827', '新疆维吾尔自治区巴音郭楞蒙古自治州和静县'),(2197, '659004', '新疆维吾尔自治区五家渠市五家渠市'),(2198, '659001', '新疆维吾尔自治区石河子市石河子市'),(2199, '659003', '新疆维吾尔自治区图木舒克市图木舒克市'),(2200, '654223', '新疆维吾尔自治区塔城地区沙湾市'),(2201, '653224', '新疆维吾尔自治区和田地区洛浦县'),(2202, '652823', '新疆维吾尔自治区巴音郭楞蒙古自治州尉犁县'),(2203, '659007', '新疆维吾尔自治区双河市双河市'),(2204, '350426', '福建省三明市尤溪县'),(2205, '350481', '福建省三明市永安市'),(2206, '350430', '福建省三明市建宁县'),(2207, '350429', '福建省三明市泰宁县'),(2208, '350428', '福建省三明市将乐县'),(2209, '350427', '福建省三明市沙县区'),(2210, '350403', '福建省三明市三元区'),(2211, '350425', '福建省三明市大田县'),(2212, '350423', '福建省三明市清流县'),(2213, '350424', '福建省三明市宁化县'),(2214, '350421', '福建省三明市明溪县'),(2215, '350524', '福建省泉州市安溪县'),(2216, '350526', '福建省泉州市德化县'),(2217, '350582', '福建省泉州市晋江市'),(2218, '350581', '福建省泉州市石狮市'),(2219, '350504', '福建省泉州市洛江区'),(2220, '350502', '福建省泉州市鲤城区'),(2221, '350503', '福建省泉州市丰泽区'),(2222, '350525', '福建省泉州市永春县'),(2223, '350521', '福建省泉州市惠安县'),(2224, '350505', '福建省泉州市泉港区'),(2225, '350583', '福建省泉州市南安市'),(2226, '350925', '福建省宁德市周宁县'),(2227, '350926', '福建省宁德市柘荣县'),(2228, '350921', '福建省宁德市霞浦县'),(2229, '350924', '福建省宁德市寿宁县'),(2230, '350902', '福建省宁德市蕉城区'),(2231, '350923', '福建省宁德市屏南县'),(2232, '350922', '福建省宁德市古田县'),(2233, '350982', '福建省宁德市福鼎市'),(2234, '350825', '福建省龙岩市连城县'),(2235, '350881', '福建省龙岩市漳平市'),(2236, '350821', '福建省龙岩市长汀县'),(2237, '350802', '福建省龙岩市新罗区'),(2238, '350803', '福建省龙岩市永定区'),(2239, '350824', '福建省龙岩市武平县'),(2240, '350823', '福建省龙岩市上杭县'),(2241, '350104', '福建省福州市仓山区'),(2242, '350181', '福建省福州市福清市'),(2243, '350102', '福建省福州市鼓楼区'),(2244, '350111', '福建省福州市晋安区'),(2245, '350122', '福建省福州市连江县'),(2246, '350123', '福建省福州市罗源县'),(2247, '350105', '福建省福州市马尾区'),(2248, '350121', '福建省福州市闽侯县'),(2249, '350124', '福建省福州市闽清县'),(2250, '350128', '福建省福州市平潭县'),(2251, '350103', '福建省福州市台江区'),(2252, '350125', '福建省福州市永泰县'),(2253, '350112', '福建省福州市长乐区'),(2254, '350721', '福建省南平市顺昌县'),(2255, '350725', '福建省南平市政和县'),(2256, '350702', '福建省南平市延平区'),(2257, '350783', '福建省南平市建瓯市'),(2258, '350782', '福建省南平市武夷山市'),(2259, '350724', '福建省南平市松溪县'),(2260, '350781', '福建省南平市邵武市'),(2261, '350722', '福建省南平市浦城县'),(2262, '350703', '福建省南平市建阳区'),(2263, '350723', '福建省南平市光泽县'),(2264, '350206', '福建省厦门市湖里区'),(2265, '350213', '福建省厦门市翔安区'),(2266, '350212', '福建省厦门市同安区'),(2267, '350203', '福建省厦门市思明区'),(2268, '350211', '福建省厦门市集美区'),(2269, '350205', '福建省厦门市海沧区'),(2270, '350681', '福建省漳州市龙海区'),(2271, '350629', '福建省漳州市华安县'),(2272, '350626', '福建省漳州市东山县'),(2273, '350624', '福建省漳州市诏安县'),(2274, '350625', '福建省漳州市长泰区'),(2275, '350623', '福建省漳州市漳浦县'),(2276, '350622', '福建省漳州市云霄县'),(2277, '350602', '福建省漳州市芗城区'),(2278, '350628', '福建省漳州市平和县'),(2279, '350627', '福建省漳州市南靖县'),(2280, '350603', '福建省漳州市龙文区'),(2281, '150924', '内蒙古自治区乌兰察布市兴和县'),(2282, '150902', '内蒙古自治区乌兰察布市集宁区'),(2283, '150981', '内蒙古自治区乌兰察布市丰镇市'),(2284, '150923', '内蒙古自治区乌兰察布市商都县'),(2285, '150926', '内蒙古自治区乌兰察布市察哈尔右翼前旗'),(2286, '150925', '内蒙古自治区乌兰察布市凉城县'),(2287, '150929', '内蒙古自治区乌兰察布市四子王旗'),(2288, '150921', '内蒙古自治区乌兰察布市卓资县'),(2289, '150927', '内蒙古自治区乌兰察布市察哈尔右翼中旗'),(2290, '150928', '内蒙古自治区乌兰察布市察哈尔右翼后旗'),(2291, '150922', '内蒙古自治区乌兰察布市化德县'),(2292, '152202', '内蒙古自治区兴安盟阿尔山市'),(2293, '150302', '内蒙古自治区乌海市海勃湾区'),(2294, '150303', '内蒙古自治区乌海市海南区'),(2295, '150123', '内蒙古自治区呼和浩特市和林格尔县'),(2296, '150402', '内蒙古自治区赤峰市红山区'),(2297, '150502', '内蒙古自治区通辽市科尔沁区'),(2298, '152222', '内蒙古自治区兴安盟科尔沁右翼中旗'),(2299, '150404', '内蒙古自治区赤峰市松山区'),(2300, '710102', '台湾省台北市松山区'),(2301, '152224', '内蒙古自治区兴安盟突泉县'),(2302, '150122', '内蒙古自治区呼和浩特市托克托县'),(2303, '150304', '内蒙古自治区乌海市乌达区'),(2304, '150825', '内蒙古自治区巴彦淖尔市乌拉特后旗'),(2305, '150823', '内蒙古自治区巴彦淖尔市乌拉特前旗'),(2306, '150821', '内蒙古自治区巴彦淖尔市五原县'),(2307, '150403', '内蒙古自治区赤峰市元宝山区'),(2308, '152223', '内蒙古自治区兴安盟扎赉特旗'),(2309, '220582', '吉林省通化市集安市'),(2310, '222404', '吉林省延边朝鲜族自治州珲春市'),(2311, '222426', '吉林省延边朝鲜族自治州安图县'),(2312, '222402', '吉林省延边朝鲜族自治州图们市'),(2313, '222405', '吉林省延边朝鲜族自治州龙井市'),(2314, '222406', '吉林省延边朝鲜族自治州和龙市'),(2315, '220681', '吉林省白山市临江市'),(2316, '220622', '吉林省白山市靖宇县'),(2317, '220621', '吉林省白山市抚松县'),(2318, '220605', '吉林省白山市江源区'),(2319, '220602', '吉林省白山市浑江区'),(2320, '220623', '吉林省白山市长白朝鲜族自治县'),(2321, '371602', '山东省滨州市滨城区'),(2322, '371681', '山东省滨州市邹平市'),(2323, '371603', '山东省滨州市沾化区'),(2324, '371622', '山东省滨州市阳信县'),(2325, '371623', '山东省滨州市无棣县'),(2326, '371621', '山东省滨州市惠民县'),(2327, '371625', '山东省滨州市博兴县'),(2328, '371427', '山东省德州市夏津县'),(2329, '371422', '山东省德州市宁津县'),(2330, '371402', '山东省德州市德城区'),(2331, '371482', '山东省德州市禹城市'),(2332, '371424', '山东省德州市临邑县'),(2333, '371428', '山东省德州市武城县'),(2334, '371423', '山东省德州市庆云县'),(2335, '371425', '山东省德州市齐河县'),(2336, '371426', '山东省德州市平原县'),(2337, '371403', '山东省德州市陵城区'),(2338, '371481', '山东省德州市乐陵市'),(2339, '430211', '湖南省株洲市天元区'),(2340, '430203', '湖南省株洲市芦淞区'),(2341, '430204', '湖南省株洲市石峰区'),(2342, '430202', '湖南省株洲市荷塘区'),(2343, '430182', '湖南省长沙市宁乡市'),(2344, '430181', '湖南省长沙市浏阳市'),(2345, '430624', '湖南省岳阳市湘阴县'),(2346, '430602', '湖南省岳阳市岳阳楼区'),(2347, '430621', '湖南省岳阳市岳阳县'),(2348, '430611', '湖南省岳阳市君山区'),(2349, '431102', '湖南省永州市零陵区'),(2350, '430922', '湖南省益阳市桃江县'),(2351, '430921', '湖南省益阳市南县'),(2352, '430524', '湖南省邵阳市隆回县'),(2353, '430511', '湖南省邵阳市北塔区'),(2354, '430407', '湖南省衡阳市石鼓区'),(2355, '431022', '湖南省郴州市宜章县'),(2356, '433125', '湖南省湘西土家族苗族自治州保靖县'),(2357, '430382', '湖南省湘潭市韶山市'),(2358, '120110', '天津市东丽区'),(2359, '120104', '天津市南开区'),(2360, '120114', '天津市武清区'),(2361, '120115', '天津市宝坻区'),(2362, '210421', '辽宁省抚顺市抚顺县'),(2363, '370784', '山东省潍坊市安丘市'),(2364, '370783', '山东省潍坊市寿光市'),(2365, '370725', '山东省潍坊市昌乐县'),(2366, '370781', '山东省潍坊市青州市'),(2367, '370703', '山东省潍坊市寒亭区'),(2368, '370782', '山东省潍坊市诸城市'),(2369, '370724', '山东省潍坊市临朐县'),(2370, '370785', '山东省潍坊市高密市'),(2371, '370704', '山东省潍坊市坊子区'),(2372, '370786', '山东省潍坊市昌邑市'),(2373, '371723', '山东省菏泽市成武县'),(2374, '371703', '山东省菏泽市定陶区'),(2375, '371722', '山东省菏泽市单县'),(2376, '371725', '山东省菏泽市郓城县'),(2377, '371702', '山东省菏泽市牡丹区'),(2378, '371726', '山东省菏泽市鄄城县'),(2379, '371724', '山东省菏泽市巨野县'),(2380, '371728', '山东省菏泽市东明县'),(2381, '370303', '山东省淄博市张店区'),(2382, '370302', '山东省淄博市淄川区'),(2383, '370321', '山东省淄博市桓台县'),(2384, '370306', '山东省淄博市周村区'),(2385, '370304', '山东省淄博市博山区'),(2386, '370323', '山东省淄博市沂源县'),(2387, '370305', '山东省淄博市临淄区'),(2388, '370322', '山东省淄博市高青县'),(2389, '370406', '山东省枣庄市山亭区'),(2390, '370404', '山东省枣庄市峄城区'),(2391, '370403', '山东省枣庄市薛城区'),(2392, '370481', '山东省枣庄市滕州市'),(2393, '370405', '山东省枣庄市台儿庄区'),(2394, '370402', '山东省枣庄市市中区'),(2395, '370613', '山东省烟台市莱山区'),(2396, '370683', '山东省烟台市莱州市'),(2397, '370682', '山东省烟台市莱阳市'),(2398, '370687', '山东省烟台市海阳市'),(2399, '370602', '山东省烟台市芝罘区'),(2400, '370685', '山东省烟台市招远市'),(2401, '370686', '山东省烟台市栖霞市'),(2402, '370614', '山东省烟台市蓬莱区'),(2403, '370612', '山东省烟台市牟平区'),(2404, '370681', '山东省烟台市龙口市'),(2405, '370902', '山东省泰安市泰山区'),(2406, '370911', '山东省泰安市岱岳区'),(2407, '370982', '山东省泰安市新泰市'),(2408, '370921', '山东省泰安市宁阳县'),(2409, '370983', '山东省泰安市肥城市'),(2410, '370923', '山东省泰安市东平县'),(2411, '371526', '山东省聊城市高唐县'),(2412, '371521', '山东省聊城市阳谷县'),(2413, '371524', '山东省聊城市东阿县'),(2414, '371522', '山东省聊城市莘县'),(2415, '371502', '山东省聊城市东昌府区'),(2416, '371525', '山东省聊城市冠县'),(2417, '371581', '山东省聊城市临清市'),(2418, '371503', '山东省聊城市茌平区'),(2419, '370829', '山东省济宁市嘉祥县'),(2420, '370830', '山东省济宁市汶上县'),(2421, '370811', '山东省济宁市任城区'),(2422, '370832', '山东省济宁市梁山县'),(2423, '370828', '山东省济宁市金乡县'),(2424, '370883', '山东省济宁市邹城市'),(2425, '370831', '山东省济宁市泗水县'),(2426, '370881', '山东省济宁市曲阜市'),(2427, '370827', '山东省济宁市鱼台县'),(2428, '370812', '山东省济宁市兖州区'),(2429, '371002', '山东省威海市环翠区'),(2430, '371003', '山东省威海市文登区'),(2431, '371083', '山东省威海市乳山市'),(2432, '371082', '山东省威海市荣成市'),(2433, '370117', '山东省济南市钢城区'),(2434, '370116', '山东省济南市莱芜区'),(2435, '370124', '山东省济南市平阴县'),(2436, '632800', '青海省海西蒙古族藏族自治州海西蒙古族藏族自治州'),(2437, '420202', '湖北省黄石市黄石港区'),(2438, '152922', '内蒙古自治区阿拉善盟阿拉善右旗'),(2439, '622926', '甘肃省临夏回族自治州东乡族自治县'),(2440, '622924', '甘肃省临夏回族自治州广河县'),(2441, '622925', '甘肃省临夏回族自治州和政县'),(2442, '622927', '甘肃省临夏回族自治州积石山保安族东乡族撒拉族自治县'),(2443, '622922', '甘肃省临夏回族自治州康乐县'),(2444, '622901', '甘肃省临夏回族自治州临夏市'),(2445, '622921', '甘肃省临夏回族自治州临夏县'),(2446, '622923', '甘肃省临夏回族自治州永靖县'),(2447, '310107', '上海市普陀区'),(2448, '310114', '上海市嘉定区'),(2449, '310106', '上海市静安区'),(2450, '310112', '上海市闵行区'),(2451, '310117', '上海市松江区'),(2452, '310104', '上海市徐汇区'),(2453, '310105', '上海市长宁区'),(2454, '310101', '上海市黄浦区'),(2455, '310109', '上海市虹口区'),(2456, '310113', '上海市宝山区'),(2457, '310115', '上海市浦东新区'),(2458, '310120', '上海市奉贤区'),(2459, '310116', '上海市金山区'),(2460, '232700', '黑龙江省大兴安岭地区大兴安岭地区'),(2461, '232721', '黑龙江省大兴安岭地区呼玛县'),(2462, '232701', '黑龙江省大兴安岭地区漠河市'),(2463, '232722', '黑龙江省大兴安岭地区塔河县'),(2464, '230781', '黑龙江省伊春市铁力市'),(2465, '230725', '黑龙江省伊春市大箐山县'),(2466, '230751', '黑龙江省伊春市金林区'),(2467, '230718', '黑龙江省伊春市乌翠区'),(2468, '230722', '黑龙江省伊春市嘉荫县'),(2469, '230719', '黑龙江省伊春市友好区'),(2470, '230717', '黑龙江省伊春市伊美区'),(2471, '230724', '黑龙江省伊春市丰林县'),(2472, '230723', '黑龙江省伊春市汤旺县'),(2473, '230726', '黑龙江省伊春市南岔县'),(2474, '230621', '黑龙江省大庆市肇州县'),(2475, '230622', '黑龙江省大庆市肇源县'),(2476, '230602', '黑龙江省大庆市萨尔图区'),(2477, '230606', '黑龙江省大庆市大同区'),(2478, '230605', '黑龙江省大庆市红岗区'),(2479, '230604', '黑龙江省大庆市让胡路区'),(2480, '230623', '黑龙江省大庆市林甸县'),(2481, '230624', '黑龙江省大庆市杜尔伯特蒙古族自治县'),(2482, '230603', '黑龙江省大庆市龙凤区'),(2483, '230126', '黑龙江省哈尔滨市巴彦县'),(2484, '230112', '黑龙江省哈尔滨市阿城区'),(2485, '230123', '黑龙江省哈尔滨市依兰县'),(2486, '230129', '黑龙江省哈尔滨市延寿县'),(2487, '230110', '黑龙江省哈尔滨市香坊区'),(2488, '230184', '黑龙江省哈尔滨市五常市'),(2489, '230128', '黑龙江省哈尔滨市通河县'),(2490, '230109', '黑龙江省哈尔滨市松北区'),(2491, '230113', '黑龙江省哈尔滨市双城区'),(2492, '230183', '黑龙江省哈尔滨市尚志市'),(2493, '230108', '黑龙江省哈尔滨市平房区'),(2494, '230103', '黑龙江省哈尔滨市南岗区'),(2495, '230127', '黑龙江省哈尔滨市木兰县'),(2496, '230111', '黑龙江省哈尔滨市呼兰区'),(2497, '230124', '黑龙江省哈尔滨市方正县'),(2498, '230104', '黑龙江省哈尔滨市道外区'),(2499, '230102', '黑龙江省哈尔滨市道里区'),(2500, '230125', '黑龙江省哈尔滨市宾县'),(2501, '230406', '黑龙江省鹤岗市东山区'),(2502, '230405', '黑龙江省鹤岗市兴安区'),(2503, '230407', '黑龙江省鹤岗市兴山区'),(2504, '230422', '黑龙江省鹤岗市绥滨县'),(2505, '230421', '黑龙江省鹤岗市萝北县'),(2506, '230402', '黑龙江省鹤岗市向阳区'),(2507, '230404', '黑龙江省鹤岗市南山区'),(2508, '230403', '黑龙江省鹤岗市工农区'),(2509, '231102', '黑龙江省黑河市爱辉区'),(2510, '231124', '黑龙江省黑河市孙吴县'),(2511, '231123', '黑龙江省黑河市逊克县'),(2512, '231181', '黑龙江省黑河市北安市'),(2513, '231183', '黑龙江省黑河市嫩江市'),(2514, '231182', '黑龙江省黑河市五大连池市'),(2515, '230321', '黑龙江省鸡西市鸡东县'),(2516, '230382', '黑龙江省鸡西市密山市'),(2517, '230381', '黑龙江省鸡西市虎林市'),(2518, '230306', '黑龙江省鸡西市城子河区'),(2519, '230305', '黑龙江省鸡西市梨树区'),(2520, '230303', '黑龙江省鸡西市恒山区'),(2521, '230302', '黑龙江省鸡西市鸡冠区'),(2522, '230304', '黑龙江省鸡西市滴道区'),(2523, '230805', '黑龙江省佳木斯市东风区'),(2524, '230881', '黑龙江省佳木斯市同江市'),(2525, '230822', '黑龙江省佳木斯市桦南县'),(2526, '230803', '黑龙江省佳木斯市向阳区'),(2527, '230828', '黑龙江省佳木斯市汤原县'),(2528, '230804', '黑龙江省佳木斯市前进区'),(2529, '230811', '黑龙江省佳木斯市郊区'),(2530, '230826', '黑龙江省佳木斯市桦川县'),(2531, '230882', '黑龙江省佳木斯市富锦市'),(2532, '230883', '黑龙江省佳木斯市抚远市'),(2533, '231002', '黑龙江省牡丹江市东安区'),(2534, '231003', '黑龙江省牡丹江市阳明区'),(2535, '231004', '黑龙江省牡丹江市爱民区'),(2536, '231083', '黑龙江省牡丹江市海林市'),(2537, '231085', '黑龙江省牡丹江市穆棱市'),(2538, '231005', '黑龙江省牡丹江市西安区'),(2539, '231081', '黑龙江省牡丹江市绥芬河市'),(2540, '231084', '黑龙江省牡丹江市宁安市'),(2541, '231025', '黑龙江省牡丹江市林口县'),(2542, '231086', '黑龙江省牡丹江市东宁市'),(2543, '230902', '黑龙江省七台河市新兴区'),(2544, '230903', '黑龙江省七台河市桃山区'),(2545, '230904', '黑龙江省七台河市茄子河区'),(2546, '230921', '黑龙江省七台河市勃利县'),(2547, '230225', '黑龙江省齐齐哈尔市甘南县'),(2548, '230230', '黑龙江省齐齐哈尔市克东县'),(2549, '230204', '黑龙江省齐齐哈尔市铁锋区'),(2550, '230227', '黑龙江省齐齐哈尔市富裕县'),(2551, '230224', '黑龙江省齐齐哈尔市泰来县'),(2552, '230203', '黑龙江省齐齐哈尔市建华区'),(2553, '230207', '黑龙江省齐齐哈尔市碾子山区'),(2554, '230281', '黑龙江省齐齐哈尔市讷河市'),(2555, '230229', '黑龙江省齐齐哈尔市克山县'),(2556, '230208', '黑龙江省齐齐哈尔市梅里斯达斡尔族区'),(2557, '230202', '黑龙江省齐齐哈尔市龙沙区'),(2558, '230205', '黑龙江省齐齐哈尔市昂昂溪区'),(2559, '230221', '黑龙江省齐齐哈尔市龙江县'),(2560, '230206', '黑龙江省齐齐哈尔市富拉尔基区'),(2561, '230231', '黑龙江省齐齐哈尔市拜泉县'),(2562, '230223', '黑龙江省齐齐哈尔市依安县'),(2563, '230505', '黑龙江省双鸭山市四方台区'),(2564, '230506', '黑龙江省双鸭山市宝山区'),(2565, '230502', '黑龙江省双鸭山市尖山区'),(2566, '230524', '黑龙江省双鸭山市饶河县'),(2567, '230503', '黑龙江省双鸭山市岭东区'),(2568, '230521', '黑龙江省双鸭山市集贤县'),(2569, '230522', '黑龙江省双鸭山市友谊县'),(2570, '230523', '黑龙江省双鸭山市宝清县'),(2571, '231222', '黑龙江省绥化市兰西县'),(2572, '231221', '黑龙江省绥化市望奎县'),(2573, '231202', '黑龙江省绥化市北林区'),(2574, '231226', '黑龙江省绥化市绥棱县'),(2575, '231224', '黑龙江省绥化市庆安县'),(2576, '231223', '黑龙江省绥化市青冈县'),(2577, '231281', '黑龙江省绥化市安达市'),(2578, '231225', '黑龙江省绥化市明水县'),(2579, '231282', '黑龙江省绥化市肇东市'),(2580, '231283', '黑龙江省绥化市海伦市'),(2581, '230307', '黑龙江省鸡西市麻山区'),(2582, '520115', '贵州省贵阳市观山湖区'),(2583, '520113', '贵州省贵阳市白云区'),(2584, '520111', '贵州省贵阳市花溪区'),(2585, '520181', '贵州省贵阳市清镇市'),(2586, '520122', '贵州省贵阳市息烽县'),(2587, '520121', '贵州省贵阳市开阳县'),(2588, '520102', '贵州省贵阳市南明区'),(2589, '520112', '贵州省贵阳市乌当区'),(2590, '520123', '贵州省贵阳市修文县'),(2591, '520103', '贵州省贵阳市云岩区'),(2592, '520425', '贵州省安顺市紫云苗族布依族自治县'),(2593, '520423', '贵州省安顺市镇宁布依族苗族自治县'),(2594, '520403', '贵州省安顺市平坝区'),(2595, '520422', '贵州省安顺市普定县'),(2596, '520424', '贵州省安顺市关岭布依族苗族自治县'),(2597, '520402', '贵州省安顺市西秀区'),(2598, '520203', '贵州省六盘水市六枝特区'),(2599, '520281', '贵州省六盘水市盘州市'),(2600, '520221', '贵州省六盘水市水城区'),(2601, '520201', '贵州省六盘水市钟山区'),(2602, '522627', '贵州省黔东南苗族侗族自治州天柱县'),(2603, '522630', '贵州省黔东南苗族侗族自治州台江县'),(2604, '522623', '贵州省黔东南苗族侗族自治州施秉县'),(2605, '522624', '贵州省黔东南苗族侗族自治州三穗县'),(2606, '522635', '贵州省黔东南苗族侗族自治州麻江县'),(2607, '522631', '贵州省黔东南苗族侗族自治州黎平县'),(2608, '522601', '贵州省黔东南苗族侗族自治州凯里市'),(2609, '522628', '贵州省黔东南苗族侗族自治州锦屏县'),(2610, '522629', '贵州省黔东南苗族侗族自治州剑河县'),(2611, '522622', '贵州省黔东南苗族侗族自治州黄平县'),(2612, '522636', '贵州省黔东南苗族侗族自治州丹寨县'),(2613, '522626', '贵州省黔东南苗族侗族自治州岑巩县'),(2614, '522633', '贵州省黔东南苗族侗族自治州从江县'),(2615, '522632', '贵州省黔东南苗族侗族自治州榕江县'),(2616, '522634', '贵州省黔东南苗族侗族自治州雷山县'),(2617, '522625', '贵州省黔东南苗族侗族自治州镇远县'),(2618, '522701', '贵州省黔南布依族苗族自治州都匀市'),(2619, '522726', '贵州省黔南布依族苗族自治州独山县'),(2620, '522702', '贵州省黔南布依族苗族自治州福泉市'),(2621, '522723', '贵州省黔南布依族苗族自治州贵定县'),(2622, '522731', '贵州省黔南布依族苗族自治州惠水县'),(2623, '522722', '贵州省黔南布依族苗族自治州荔波县'),(2624, '522730', '贵州省黔南布依族苗族自治州龙里县'),(2625, '522728', '贵州省黔南布依族苗族自治州罗甸县'),(2626, '522727', '贵州省黔南布依族苗族自治州平塘县'),(2627, '522732', '贵州省黔南布依族苗族自治州三都水族自治县'),(2628, '522725', '贵州省黔南布依族苗族自治州瓮安县'),(2629, '522729', '贵州省黔南布依族苗族自治州长顺县'),(2630, '522328', '贵州省黔西南布依族苗族自治州安龙县'),(2631, '522326', '贵州省黔西南布依族苗族自治州望谟县'),(2632, '522327', '贵州省黔西南布依族苗族自治州册亨县'),(2633, '522301', '贵州省黔西南布依族苗族自治州兴义市'),(2634, '522302', '贵州省黔西南布依族苗族自治州兴仁市'),(2635, '522325', '贵州省黔西南布依族苗族自治州贞丰县'),(2636, '522324', '贵州省黔西南布依族苗族自治州晴隆县'),(2637, '522323', '贵州省黔西南布依族苗族自治州普安县'),(2638, '520622', '贵州省铜仁市玉屏侗族自治县'),(2639, '520625', '贵州省铜仁市印江土家族苗族自治县'),(2640, '520627', '贵州省铜仁市沿河土家族自治县'),(2641, '520603', '贵州省铜仁市万山区'),(2642, '520628', '贵州省铜仁市松桃苗族自治县'),(2643, '520624', '贵州省铜仁市思南县'),(2644, '520623', '贵州省铜仁市石阡县'),(2645, '520621', '贵州省铜仁市江口县'),(2646, '520626', '贵州省铜仁市德江县'),(2647, '520602', '贵州省铜仁市碧江区'),(2648, '520304', '贵州省遵义市播州区'),(2649, '520381', '贵州省遵义市赤水市'),(2650, '520325', '贵州省遵义市道真仡佬族苗族自治县'),(2651, '520327', '贵州省遵义市凤冈县'),(2652, '520302', '贵州省遵义市红花岗区'),(2653, '520303', '贵州省遵义市汇川区'),(2654, '520328', '贵州省遵义市湄潭县'),(2655, '520382', '贵州省遵义市仁怀市'),(2656, '520323', '贵州省遵义市绥阳县'),(2657, '520322', '贵州省遵义市桐梓县'),(2658, '520326', '贵州省遵义市务川仡佬族苗族自治县'),(2659, '520330', '贵州省遵义市习水县'),(2660, '520329', '贵州省遵义市余庆县'),(2661, '520324', '贵州省遵义市正安县'),(2662, '340122', '安徽省合肥市肥东县'),(2663, '340121', '安徽省合肥市长丰县'),(2664, '340104', '安徽省合肥市蜀山区'),(2665, '340111', '安徽省合肥市包河区'),(2666, '340103', '安徽省合肥市庐阳区'),(2667, '340124', '安徽省合肥市庐江县'),(2668, '340181', '安徽省合肥市巢湖市'),(2669, '340123', '安徽省合肥市肥西县'),(2670, '341125', '安徽省滁州市定远县'),(2671, '341181', '安徽省滁州市天长市'),(2672, '341124', '安徽省滁州市全椒县'),(2673, '341103', '安徽省滁州市南谯区'),(2674, '341182', '安徽省滁州市明光市'),(2675, '341102', '安徽省滁州市琅琊区'),(2676, '341122', '安徽省滁州市来安县'),(2677, '341126', '安徽省滁州市凤阳县'),(2678, '340803', '安徽省安庆市大观区'),(2679, '340828', '安徽省安庆市岳西县'),(2680, '340802', '安徽省安庆市迎江区'),(2681, '340811', '安徽省安庆市宜秀区'),(2682, '340826', '安徽省安庆市宿松县'),(2683, '340827', '安徽省安庆市望江县'),(2684, '340881', '安徽省安庆市桐城市'),(2685, '340825', '安徽省安庆市太湖县'),(2686, '340882', '安徽省安庆市潜山市'),(2687, '340822', '安徽省安庆市怀宁县'),(2688, '340323', '安徽省蚌埠市固镇县'),(2689, '340303', '安徽省蚌埠市蚌山区'),(2690, '340304', '安徽省蚌埠市禹会区'),(2691, '340322', '安徽省蚌埠市五河县'),(2692, '340302', '安徽省蚌埠市龙子湖区'),(2693, '340311', '安徽省蚌埠市淮上区'),(2694, '340321', '安徽省蚌埠市怀远县'),(2695, '341623', '安徽省亳州市利辛县'),(2696, '341602', '安徽省亳州市谯城区'),(2697, '341621', '安徽省亳州市涡阳县'),(2698, '341622', '安徽省亳州市蒙城县'),(2699, '341702', '安徽省池州市贵池区'),(2700, '341721', '安徽省池州市东至县'),(2701, '341722', '安徽省池州市石台县'),(2702, '341723', '安徽省池州市青阳县'),(2703, '341221', '安徽省阜阳市临泉县'),(2704, '341202', '安徽省阜阳市颍州区'),(2705, '341204', '安徽省阜阳市颍泉区'),(2706, '341226', '安徽省阜阳市颍上县'),(2707, '341225', '安徽省阜阳市阜南县'),(2708, '341203', '安徽省阜阳市颍东区'),(2709, '341222', '安徽省阜阳市太和县'),(2710, '341282', '安徽省阜阳市界首市'),(2711, '340602', '安徽省淮北市杜集区'),(2712, '340621', '安徽省淮北市濉溪县'),(2713, '340603', '安徽省淮北市相山区'),(2714, '340604', '安徽省淮北市烈山区'),(2715, '340403', '安徽省淮南市田家庵区'),(2716, '340422', '安徽省淮南市寿县'),(2717, '340421', '安徽省淮南市凤台县'),(2718, '340402', '安徽省淮南市大通区'),(2719, '340406', '安徽省淮南市潘集区'),(2720, '340405', '安徽省淮南市八公山区'),(2721, '340404', '安徽省淮南市谢家集区'),(2722, '341003', '安徽省黄山市黄山区'),(2723, '341024', '安徽省黄山市祁门县'),(2724, '341023', '安徽省黄山市黟县'),(2725, '341022', '安徽省黄山市休宁县'),(2726, '341002', '安徽省黄山市屯溪区'),(2727, '341021', '安徽省黄山市歙县'),(2728, '341004', '安徽省黄山市徽州区'),(2729, '341524', '安徽省六安市金寨县'),(2730, '341523', '安徽省六安市舒城县'),(2731, '341525', '安徽省六安市霍山县'),(2732, '341502', '安徽省六安市金安区'),(2733, '341522', '安徽省六安市霍邱县'),(2734, '341503', '安徽省六安市裕安区'),(2735, '340522', '安徽省马鞍山市含山县'),(2736, '340504', '安徽省马鞍山市雨山区'),(2737, '340521', '安徽省马鞍山市当涂县'),(2738, '340503', '安徽省马鞍山市花山区'),(2739, '340523', '安徽省马鞍山市和县'),(2740, '340506', '安徽省马鞍山市博望区'),(2741, '340705', '安徽省铜陵市铜官区'),(2742, '340722', '安徽省铜陵市枞阳县'),(2743, '340711', '安徽省铜陵市郊区'),(2744, '340706', '安徽省铜陵市义安区'),(2745, '340211', '安徽省芜湖市繁昌区'),(2746, '340202', '安徽省芜湖市镜湖区'),(2747, '340223', '安徽省芜湖市南陵县'),(2748, '340207', '安徽省芜湖市鸠江区'),(2749, '340209', '安徽省芜湖市弋江区'),(2750, '340210', '安徽省芜湖市湾沚区'),(2751, '340281', '安徽省芜湖市无为市'),(2752, '341321', '安徽省宿州市砀山县'),(2753, '341322', '安徽省宿州市萧县'),(2754, '341302', '安徽省宿州市埇桥区'),(2755, '341324', '安徽省宿州市泗县'),(2756, '341323', '安徽省宿州市灵璧县'),(2757, '341824', '安徽省宣城市绩溪县'),(2758, '341802', '安徽省宣城市宣州区'),(2759, '341823', '安徽省宣城市泾县'),(2760, '341881', '安徽省宣城市宁国市'),(2761, '341821', '安徽省宣城市郎溪县'),(2762, '341882', '安徽省宣城市广德市'),(2763, '341825', '安徽省宣城市旌德县'),(2764, '130623', '河北省保定市涞水县'),(2765, '130681', '河北省保定市涿州市'),(2766, '130637', '河北省保定市博野县'),(2767, '130608', '河北省保定市清苑区'),(2768, '130683', '河北省保定市安国市'),(2769, '130609', '河北省保定市徐水区'),(2770, '130635', '河北省保定市蠡县'),(2771, '130631', '河北省保定市望都县'),(2772, '130684', '河北省保定市高碑店市'),(2773, '130638', '河北省保定市雄县'),(2774, '130628', '河北省保定市高阳县'),(2775, '130632', '河北省保定市安新县'),(2776, '130627', '河北省保定市唐县'),(2777, '130682', '河北省保定市定州市'),(2778, '130636', '河北省保定市顺平县'),(2779, '130629', '河北省保定市容城县'),(2780, '130634', '河北省保定市曲阳县'),(2781, '130624', '河北省保定市阜平县'),(2782, '130606', '河北省保定市莲池区'),(2783, '130602', '河北省保定市竞秀区'),(2784, '130630', '河北省保定市涞源县'),(2785, '130607', '河北省保定市满城区'),(2786, '130633', '河北省保定市易县'),(2787, '130626', '河北省保定市定兴县'),(2788, '130731', '河北省张家口市涿鹿县'),(2789, '130722', '河北省张家口市张北县'),(2790, '130727', '河北省张家口市阳原县'),(2791, '130705', '河北省张家口市宣化区'),(2792, '130706', '河北省张家口市下花园区'),(2793, '130726', '河北省张家口市蔚县'),(2794, '130708', '河北省张家口市万全区'),(2795, '130725', '河北省张家口市尚义县'),(2796, '130703', '河北省张家口市桥西区'),(2797, '130702', '河北省张家口市桥东区'),(2798, '130723', '河北省张家口市康保县'),(2799, '130730', '河北省张家口市怀来县'),(2800, '130728', '河北省张家口市怀安县'),(2801, '130724', '河北省张家口市沽源县'),(2802, '130709', '河北省张家口市崇礼区'),(2803, '130732', '河北省张家口市赤城县'),(2804, '130535', '河北省邢台市临西县'),(2805, '130522', '河北省邢台市临城县'),(2806, '130529', '河北省邢台市巨鹿县'),(2807, '130531', '河北省邢台市广宗县'),(2808, '130524', '河北省邢台市柏乡县'),(2809, '130503', '河北省邢台市信都区'),(2810, '130502', '河北省邢台市襄都区'),(2811, '130530', '河北省邢台市新河县'),(2812, '130533', '河北省邢台市威县'),(2813, '130582', '河北省邢台市沙河市'),(2814, '130505', '河北省邢台市任泽区'),(2815, '130534', '河北省邢台市清河县'),(2816, '130532', '河北省邢台市平乡县'),(2817, '130528', '河北省邢台市宁晋县'),(2818, '130523', '河北省邢台市内丘县'),(2819, '130506', '河北省邢台市南和区'),(2820, '130581', '河北省邢台市南宫市'),(2821, '130525', '河北省邢台市隆尧县'),(2822, '130229', '河北省唐山市玉田县'),(2823, '130227', '河北省唐山市迁西县'),(2824, '130283', '河北省唐山市迁安市'),(2825, '130284', '河北省唐山市滦州市'),(2826, '130224', '河北省唐山市滦南县'),(2827, '130202', '河北省唐山市路南区'),(2828, '130203', '河北省唐山市路北区'),(2829, '130225', '河北省唐山市乐亭县'),(2830, '130205', '河北省唐山市开平区'),(2831, '130204', '河北省唐山市古冶区'),(2832, '130208', '河北省唐山市丰润区'),(2833, '130207', '河北省唐山市丰南区'),(2834, '130209', '河北省唐山市曹妃甸区'),(2835, '130281', '河北省唐山市遵化市'),(2836, '130111', '河北省石家庄市栾城区'),(2837, '130110', '河北省石家庄市鹿泉区'),(2838, '130126', '河北省石家庄市灵寿县'),(2839, '130107', '河北省石家庄市井陉矿区'),(2840, '130121', '河北省石家庄市井陉县'),(2841, '130183', '河北省石家庄市晋州市'),(2842, '130125', '河北省石家庄市行唐县'),(2843, '130127', '河北省石家庄市高邑县'),(2844, '130123', '河北省石家庄市正定县'),(2845, '130133', '河北省石家庄市赵县'),(2846, '130102', '河北省石家庄市长安区'),(2847, '130129', '河北省石家庄市赞皇县'),(2848, '130132', '河北省石家庄市元氏县'),(2849, '130108', '河北省石家庄市裕华区'),(2850, '130184', '河北省石家庄市新乐市'),(2851, '130181', '河北省石家庄市辛集市'),(2852, '130130', '河北省石家庄市无极县'),(2853, '130128', '河北省石家庄市深泽县'),(2854, '130131', '河北省石家庄市平山县'),(2855, '130321', '河北省秦皇岛市青龙满族自治县'),(2856, '130324', '河北省秦皇岛市卢龙县'),(2857, '130302', '河北省秦皇岛市海港区'),(2858, '130304', '河北省秦皇岛市北戴河区'),(2859, '130306', '河北省秦皇岛市抚宁区'),(2860, '130322', '河北省秦皇岛市昌黎县'),(2861, '130303', '河北省秦皇岛市山海关区'),(2862, '131024', '河北省廊坊市香河县'),(2863, '131026', '河北省廊坊市文安县'),(2864, '131082', '河北省廊坊市三河市'),(2865, '131003', '河北省廊坊市广阳区'),(2866, '131028', '河北省廊坊市大厂回族自治县'),(2867, '131022', '河北省廊坊市固安县'),(2868, '131025', '河北省廊坊市大城县'),(2869, '131002', '河北省廊坊市安次区'),(2870, '131081', '河北省廊坊市霸州市'),(2871, '131023', '河北省廊坊市永清县'),(2872, '131126', '河北省衡水市故城县'),(2873, '131121', '河北省衡水市枣强县'),(2874, '131123', '河北省衡水市武强县'),(2875, '131103', '河北省衡水市冀州区'),(2876, '131122', '河北省衡水市武邑县'),(2877, '131127', '河北省衡水市景县'),(2878, '131102', '河北省衡水市桃城区'),(2879, '131182', '河北省衡水市深州市'),(2880, '131124', '河北省衡水市饶阳县'),(2881, '131125', '河北省衡水市安平县'),(2882, '131128', '河北省衡水市阜城县'),(2883, '130408', '河北省邯郸市永年区'),(2884, '130403', '河北省邯郸市丛台区'),(2885, '130431', '河北省邯郸市鸡泽县'),(2886, '130481', '河北省邯郸市武安市'),(2887, '130406', '河北省邯郸市峰峰矿区'),(2888, '130404', '河北省邯郸市复兴区'),(2889, '130427', '河北省邯郸市磁县'),(2890, '130434', '河北省邯郸市魏县'),(2891, '130424', '河北省邯郸市成安县'),(2892, '130425', '河北省邯郸市大名县'),(2893, '130432', '河北省邯郸市广平县'),(2894, '130426', '河北省邯郸市涉县'),(2895, '130435', '河北省邯郸市曲周县'),(2896, '130430', '河北省邯郸市邱县'),(2897, '130433', '河北省邯郸市馆陶县'),(2898, '130423', '河北省邯郸市临漳县'),(2899, '130402', '河北省邯郸市邯山区'),(2900, '130825', '河北省承德市隆化县'),(2901, '130827', '河北省承德市宽城满族自治县'),(2902, '130804', '河北省承德市鹰手营子矿区'),(2903, '130822', '河北省承德市兴隆县'),(2904, '130821', '河北省承德市承德县'),(2905, '130828', '河北省承德市围场满族蒙古族自治县'),(2906, '130826', '河北省承德市丰宁满族自治县'),(2907, '130802', '河北省承德市双桥区'),(2908, '130803', '河北省承德市双滦区'),(2909, '130824', '河北省承德市滦平县'),(2910, '130881', '河北省承德市平泉市'),(2911, '130924', '河北省沧州市海兴县'),(2912, '130984', '河北省沧州市河间市'),(2913, '130981', '河北省沧州市泊头市'),(2914, '130927', '河北省沧州市南皮县'),(2915, '130921', '河北省沧州市沧县'),(2916, '130930', '河北省沧州市孟村回族自治县'),(2917, '130922', '河北省沧州市青县'),(2918, '130982', '河北省沧州市任丘市'),(2919, '130929', '河北省沧州市献县'),(2920, '130903', '河北省沧州市运河区'),(2921, '130983', '河北省沧州市黄骅市'),(2922, '130926', '河北省沧州市肃宁县'),(2923, '130928', '河北省沧州市吴桥县'),(2924, '130923', '河北省沧州市东光县'),(2925, '130902', '河北省沧州市新华区'),(2926, '130925', '河北省沧州市盐山县'),(2927, '140426', '山西省长治市黎城县'),(2928, '640424', '宁夏回族自治区固原市泾源县'),(2929, '640402', '宁夏回族自治区固原市原州区'),(2930, '640422', '宁夏回族自治区固原市西吉县'),(2931, '640425', '宁夏回族自治区固原市彭阳县'),(2932, '640423', '宁夏回族自治区固原市隆德县'),(2933, '640202', '宁夏回族自治区石嘴山市大武口区'),(2934, '640221', '宁夏回族自治区石嘴山市平罗县'),(2935, '640205', '宁夏回族自治区石嘴山市惠农区'),(2936, '640302', '宁夏回族自治区吴忠市利通区'),(2937, '640323', '宁夏回族自治区吴忠市盐池县'),(2938, '640324', '宁夏回族自治区吴忠市同心县'),(2939, '640303', '宁夏回族自治区吴忠市红寺堡区'),(2940, '640381', '宁夏回族自治区吴忠市青铜峡市'),(2941, '640104', '宁夏回族自治区银川市兴庆区'),(2942, '640122', '宁夏回族自治区银川市贺兰县'),(2943, '640105', '宁夏回族自治区银川市西夏区'),(2944, '640106', '宁夏回族自治区银川市金凤区'),(2945, '640502', '宁夏回族自治区中卫市沙坡头区'),(2946, '640522', '宁夏回族自治区中卫市海原县'),(2947, '640521', '宁夏回族自治区中卫市中宁县'),(2948, '640121', '宁夏回族自治区银川市永宁县'),(2949, '360113', '江西省南昌市红谷滩区'),(2950, '530114', '云南省昆明市呈贡区'),(2951, '530181', '云南省昆明市安宁市'),(2952, '530125', '云南省昆明市宜良县'),(2953, '530129', '云南省昆明市寻甸回族彝族自治县'),(2954, '530112', '云南省昆明市西山区'),(2955, '530102', '云南省昆明市五华区'),(2956, '530124', '云南省昆明市富民县'),(2957, '530103', '云南省昆明市盘龙区'),(2958, '530127', '云南省昆明市嵩明县'),(2959, '530126', '云南省昆明市石林彝族自治县'),(2960, '530111', '云南省昆明市官渡区'),(2961, '530128', '云南省昆明市禄劝彝族苗族自治县'),(2962, '530113', '云南省昆明市东川区'),(2963, '530115', '云南省昆明市晋宁区'),(2964, '530325', '云南省曲靖市富源县'),(2965, '530326', '云南省曲靖市会泽县'),(2966, '530322', '云南省曲靖市陆良县'),(2967, '530324', '云南省曲靖市罗平县'),(2968, '530304', '云南省曲靖市马龙区'),(2969, '530302', '云南省曲靖市麒麟区'),(2970, '530323', '云南省曲靖市师宗县'),(2971, '530381', '云南省曲靖市宣威市'),(2972, '530303', '云南省曲靖市沾益区'),(2973, '530524', '云南省保山市昌宁县'),(2974, '530581', '云南省保山市腾冲市'),(2975, '530521', '云南省保山市施甸县'),(2976, '530502', '云南省保山市隆阳区'),(2977, '530523', '云南省保山市龙陵县'),(2978, '532328', '云南省楚雄彝族自治州元谋县'),(2979, '532327', '云南省楚雄彝族自治州永仁县'),(2980, '532323', '云南省楚雄彝族自治州牟定县'),(2981, '532329', '云南省楚雄彝族自治州武定县'),(2982, '532326', '云南省楚雄彝族自治州大姚县'),(2983, '532325', '云南省楚雄彝族自治州姚安县'),(2984, '532322', '云南省楚雄彝族自治州双柏县'),(2985, '532324', '云南省楚雄彝族自治州南华县'),(2986, '532331', '云南省楚雄彝族自治州禄丰市'),(2987, '532301', '云南省楚雄彝族自治州楚雄市'),(2988, '533124', '云南省德宏傣族景颇族自治州陇川县'),(2989, '533122', '云南省德宏傣族景颇族自治州梁河县'),(2990, '533103', '云南省德宏傣族景颇族自治州芒市'),(2991, '533123', '云南省德宏傣族景颇族自治州盈江县'),(2992, '533102', '云南省德宏傣族景颇族自治州瑞丽市'),(2993, '533423', '云南省迪庆藏族自治州维西傈僳族自治县'),(2994, '533401', '云南省迪庆藏族自治州香格里拉市'),(2995, '533422', '云南省迪庆藏族自治州德钦县'),(2996, '532501', '云南省红河哈尼族彝族自治州个旧市'),(2997, '532528', '云南省红河哈尼族彝族自治州元阳县'),(2998, '532525', '云南省红河哈尼族彝族自治州石屏县'),(2999, '532523', '云南省红河哈尼族彝族自治州屏边苗族自治县'),(3000, '532532', '云南省红河哈尼族彝族自治州河口瑶族自治县'),(3001, '532504', '云南省红河哈尼族彝族自治州弥勒市'),(3002, '532503', '云南省红河哈尼族彝族自治州蒙自市'),(3003, '532531', '云南省红河哈尼族彝族自治州绿春县'),(3004, '532527', '云南省红河哈尼族彝族自治州泸西县'),(3005, '532529', '云南省红河哈尼族彝族自治州红河县'),(3006, '532502', '云南省红河哈尼族彝族自治州开远市'),(3007, '532530', '云南省红河哈尼族彝族自治州金平苗族瑶族傣族自治县'),(3008, '532524', '云南省红河哈尼族彝族自治州建水县'),(3009, '530702', '云南省丽江市古城区'),(3010, '530721', '云南省丽江市玉龙纳西族自治县'),(3011, '530722', '云南省丽江市永胜县'),(3012, '530724', '云南省丽江市宁蒗彝族自治县'),(3013, '530723', '云南省丽江市华坪县'),(3014, '530826', '云南省普洱市江城哈尼族彝族自治县'),(3015, '530822', '云南省普洱市墨江哈尼族自治县'),(3016, '530825', '云南省普洱市镇沅彝族哈尼族拉祜族自治县'),(3017, '530829', '云南省普洱市西盟佤族自治县'),(3018, '530802', '云南省普洱市思茅区'),(3019, '530821', '云南省普洱市宁洱哈尼族彝族自治县'),(3020, '530827', '云南省普洱市孟连傣族拉祜族佤族自治县'),(3021, '530828', '云南省普洱市澜沧拉祜族自治县'),(3022, '530824', '云南省普洱市景谷傣族彝族自治县'),(3023, '530823', '云南省普洱市景东彝族自治县'),(3024, '530481', '云南省玉溪市澄江市'),(3025, '530428', '云南省玉溪市元江哈尼族彝族傣族自治县'),(3026, '530425', '云南省玉溪市易门县'),(3027, '530427', '云南省玉溪市新平彝族傣族自治县'),(3028, '530423', '云南省玉溪市通海县'),(3029, '530403', '云南省玉溪市江川区'),(3030, '530424', '云南省玉溪市华宁县'),(3031, '530402', '云南省玉溪市红塔区'),(3032, '530426', '云南省玉溪市峨山彝族自治县'),(3033, '530626', '云南省昭通市绥江县'),(3034, '530681', '云南省昭通市水富市'),(3035, '530622', '云南省昭通市巧家县'),(3036, '530621', '云南省昭通市鲁甸县'),(3037, '530624', '云南省昭通市大关县'),(3038, '530602', '云南省昭通市昭阳区'),(3039, '530627', '云南省昭通市镇雄县'),(3040, '530628', '云南省昭通市彝良县'),(3041, '530625', '云南省昭通市永善县'),(3042, '530623', '云南省昭通市盐津县'),(3043, '530629', '云南省昭通市威信县'),(3044, '371323', '山东省临沂市沂水县'),(3045, '371321', '山东省临沂市沂南县'),(3046, '371322', '山东省临沂市郯城县'),(3047, '371326', '山东省临沂市平邑县'),(3048, '371328', '山东省临沂市蒙阴县'),(3049, '371311', '山东省临沂市罗庄区'),(3050, '371329', '山东省临沂市临沭县'),(3051, '371302', '山东省临沂市兰山区'),(3052, '371324', '山东省临沂市兰陵县'),(3053, '371312', '山东省临沂市河东区'),(3054, '371327', '山东省临沂市莒南县'),(3055, '371325', '山东省临沂市费县'),(3056, '370505', '山东省东营市垦利区'),(3057, '370503', '山东省东营市河口区'),(3058, '370523', '山东省东营市广饶县'),(3059, '370502', '山东省东营市东营区'),(3060, '370522', '山东省东营市利津县'),(3061, '140107', '山西省太原市杏花岭区'),(3062, '110111', '北京市房山区'),(3063, '110109', '北京市门头沟区'),(3064, '110113', '北京市顺义区'),(3065, '110105', '北京市朝阳区'),(3066, '110112', '北京市通州区'),(3067, '110102', '北京市西城区'),(3068, '110101', '北京市东城区'),(3069, '110107', '北京市石景山区'),(3070, '110108', '北京市海淀区'),(3071, '110114', '北京市昌平区'),(3072, '110119', '北京市延庆区'),(3073, '110116', '北京市怀柔区'),(3074, '110118', '北京市密云区'),(3075, '110117', '北京市平谷区'),(3076, '110115', '北京市大兴区'),(3077, '110106', '北京市丰台区'),(3078, '150603', '内蒙古自治区鄂尔多斯市康巴什区'),(3079, '152527', '内蒙古自治区锡林郭勒盟太仆寺旗'),(3080, '150781', '内蒙古自治区呼伦贝尔市满洲里市'),(3081, '150703', '内蒙古自治区呼伦贝尔市扎赉诺尔区'),(3082, '719001', '台湾省基隆市基隆市'),(3083, '210224', '辽宁省大连市长海县'),(3084, '451123', '广西壮族自治区贺州市富川瑶族自治县'),(3085, '451103', '广西壮族自治区贺州市平桂区'),(3086, '451122', '广西壮族自治区贺州市钟山县'),(3087, '451102', '广西壮族自治区贺州市八步区'),(3088, '451121', '广西壮族自治区贺州市昭平县'),(3089, '441625', '广东省河源市东源县'),(3090, '441621', '广东省河源市紫金县'),(3091, '441623', '广东省河源市连平县'),(3092, '441624', '广东省河源市和平县'),(3093, '441622', '广东省河源市龙川县'),(3094, '441721', '广东省阳江市阳西县'),(3095, '441702', '广东省阳江市江城区'),(3096, '441704', '广东省阳江市阳东区'),(3097, '441781', '广东省阳江市阳春市'),(3098, '445321', '广东省云浮市新兴县'),(3099, '445302', '广东省云浮市云城区'),(3100, '445381', '广东省云浮市罗定市'),(3101, '445322', '广东省云浮市郁南县'),(3102, '445303', '广东省云浮市云安区'),(3103, '440882', '广东省湛江市雷州市'),(3104, '440883', '广东省湛江市吴川市'),(3105, '440823', '广东省湛江市遂溪县'),(3106, '440881', '广东省湛江市廉江市'),(3107, '440825', '广东省湛江市徐闻县'),(3108, '440781', '广东省江门市台山市'),(3109, '440785', '广东省江门市恩平市'),(3110, '440783', '广东省江门市开平市'),(3111, '440784', '广东省江门市鹤山市'),(3112, '440704', '广东省江门市江海区'),(3113, '440703', '广东省江门市蓬江区'),(3114, '442000', '广东省中山市中山市'),(3115, '441900', '广东省东莞市东莞市'),(3116, '440305', '广东省深圳市南山区'),(3117, '440309', '广东省深圳市龙华区'),(3118, '440306', '广东省深圳市宝安区'),(3119, '440304', '广东省深圳市福田区'),(3120, '440303', '广东省深圳市罗湖区'),(3121, '450124', '广西壮族自治区南宁市马山县'),(3122, '460108', '海南省海口市美兰区'),(3123, '460106', '海南省海口市龙华区'),(3124, '460107', '海南省海口市琼山区'),(3125, '450226', '广西壮族自治区柳州市三江侗族自治县'),(3126, '450225', '广西壮族自治区柳州市融水苗族自治县'),(3127, '450224', '广西壮族自治区柳州市融安县'),(3128, '450223', '广西壮族自治区柳州市鹿寨县'),(3129, '450222', '广西壮族自治区柳州市柳城县'),(3130, '450206', '广西壮族自治区柳州市柳江区'),(3131, '450205', '广西壮族自治区柳州市柳北区'),(3132, '450202', '广西壮族自治区柳州市城中区'),(3133, '450203', '广西壮族自治区柳州市鱼峰区'),(3134, '450204', '广西壮族自治区柳州市柳南区'),(3135, '460105', '海南省海口市秀英区'),(3136, '440310', '广东省深圳市坪山区'),(3137, '330727', '浙江省金华市磐安县'),(3138, '331023', '浙江省台州市天台县'),(3139, '331024', '浙江省台州市仙居县'),(3140, '331082', '浙江省台州市临海市'),(3141, '331003', '浙江省台州市黄岩区'),(3142, '330483', '浙江省嘉兴市桐乡市'),(3143, '330424', '浙江省嘉兴市海盐县'),(3144, '330481', '浙江省嘉兴市海宁市'),(3145, '331125', '浙江省丽水市云和县'),(3146, '331126', '浙江省丽水市庆元县'),(3147, '330402', '浙江省嘉兴市南湖区'),(3148, '330421', '浙江省嘉兴市嘉善县'),(3149, '330803', '浙江省衢州市衢江区'),(3150, '330825', '浙江省衢州市龙游县'),(3151, '330782', '浙江省金华市义乌市'),(3152, '330726', '浙江省金华市浦江县'),(3153, '330206', '浙江省宁波市北仑区'),(3154, '440307', '广东省深圳市龙岗区'),(3155, '331002', '浙江省台州市椒江区'),(3156, '331004', '浙江省台州市路桥区'),(3157, '331081', '浙江省台州市温岭市'),(3158, '331083', '浙江省台州市玉环市'),(3159, '331022', '浙江省台州市三门县'),(3160, '330226', '浙江省宁波市宁海县'),(3161, '330225', '浙江省宁波市象山县'),(3162, '330213', '浙江省宁波市奉化区'),(3163, '330203', '浙江省宁波市海曙区'),(3164, '330205', '浙江省宁波市江北区'),(3165, '330281', '浙江省宁波市余姚市'),(3166, '330282', '浙江省宁波市慈溪市'),(3167, '330683', '浙江省绍兴市嵊州市'),(3168, '330624', '浙江省绍兴市新昌县'),(3169, '330602', '浙江省绍兴市越城区'),(3170, '330783', '浙江省金华市东阳市'),(3171, '330703', '浙江省金华市金东区'),(3172, '330723', '浙江省金华市武义县'),(3173, '330702', '浙江省金华市婺城区'),(3174, '330784', '浙江省金华市永康市'),(3175, '331124', '浙江省丽水市松阳县'),(3176, '331123', '浙江省丽水市遂昌县'),(3177, '331181', '浙江省丽水市龙泉市'),(3178, '330482', '浙江省嘉兴市平湖市'),(3179, '330411', '浙江省嘉兴市秀洲区'),(3180, '331122', '浙江省丽水市缙云县'),(3181, '330111', '浙江省杭州市富阳区'),(3182, '330102', '浙江省杭州市上城区'),(3183, '330114', '浙江省杭州市钱塘区'),(3184, '330110', '浙江省杭州市余杭区'),(3185, '330113', '浙江省杭州市临平区'),(3186, '330105', '浙江省杭州市拱墅区'),(3187, '330127', '浙江省杭州市淳安县'),(3188, '330108', '浙江省杭州市滨江区'),(3189, '331127', '浙江省丽水市景宁畲族自治县'),(3190, '331102', '浙江省丽水市莲都区'),(3191, '331121', '浙江省丽水市青田县'),(3192, '330212', '浙江省宁波市鄞州区'),(3193, '330211', '浙江省宁波市镇海区'),(3194, '330112', '浙江省杭州市临安区'),(3195, '330182', '浙江省杭州市建德市'),(3196, '330122', '浙江省杭州市桐庐县'),(3197, '330781', '浙江省金华市兰溪市'),(3198, '330681', '浙江省绍兴市诸暨市'),(3199, '330603', '浙江省绍兴市柯桥区'),(3200, '330604', '浙江省绍兴市上虞区'),(3201, '330523', '浙江省湖州市安吉县'),(3202, '330502', '浙江省湖州市吴兴区'),(3203, '330521', '浙江省湖州市德清县'),(3204, '330503', '浙江省湖州市南浔区'),(3205, '330522', '浙江省湖州市长兴县'),(3206, '330326', '浙江省温州市平阳县'),(3207, '330304', '浙江省温州市瓯海区'),(3208, '330822', '浙江省衢州市常山县'),(3209, '330824', '浙江省衢州市开化县'),(3210, '330881', '浙江省衢州市江山市'),(3211, '330802', '浙江省衢州市柯城区'),(3212, '330106', '浙江省杭州市西湖区'),(3213, '330109', '浙江省杭州市萧山区'),(3214, '330382', '浙江省温州市乐清市'),(3215, '330381', '浙江省温州市瑞安市'),(3216, '330329', '浙江省温州市泰顺县'),(3217, '330324', '浙江省温州市永嘉县'),(3218, '330328', '浙江省温州市文成县'),(3219, '440311', '广东省深圳市光明区'),(3220, '460204', '海南省三亚市天涯区'),(3221, '330327', '浙江省温州市苍南县'),(3222, '330302', '浙江省温州市鹿城区'),(3223, '330303', '浙江省温州市龙湾区'),(3224, '330902', '浙江省舟山市定海区'),(3225, '469006', '海南省万宁市万宁市'),(3226, '469007', '海南省东方市东方市'),(3227, '469024', '海南省临高县临高县'),(3228, '469027', '海南省乐东黎族自治县乐东黎族自治县'),(3229, '469001', '海南省五指山市五指山市'),(3230, '469029', '海南省保亭黎族苗族自治县保亭黎族苗族自治县'),(3231, '460400', '海南省儋州市儋州市'),(3232, '469021', '海南省定安县定安县'),(3233, '469022', '海南省屯昌县屯昌县'),(3234, '469005', '海南省文昌市文昌市'),(3235, '469026', '海南省昌江黎族自治县昌江黎族自治县'),(3236, '469023', '海南省澄迈县澄迈县'),(3237, '469030', '海南省琼中黎族苗族自治县琼中黎族苗族自治县'),(3238, '469002', '海南省琼海市琼海市'),(3239, '469025', '海南省白沙黎族自治县白沙黎族自治县'),(3240, '469028', '海南省陵水黎族自治县陵水黎族自治县'),(3241, '460202', '海南省三亚市海棠区'),(3242, '440811', '广东省湛江市麻章区'),(3243, '440804', '广东省湛江市坡头区'),(3244, '460203', '海南省三亚市吉阳区'),(3245, '440308', '广东省深圳市盐田区'),(3246, '820002', '澳门望德堂区'),(3247, '810110', '香港离岛区'),(3248, '820004', '澳门圣方济各堂区'),(3249, '820006', '澳门大堂区'),(3250, '820003', '澳门风顺堂区'),(3251, '820001', '澳门花王堂区'),(3252, '820008', '澳门花地玛堂区'),(3253, '820005', '澳门嘉模堂区'),(3254, '820007', '澳门路氹填海区'),(3255, '450330', '广西壮族自治区桂林市平乐县'),(3256, '450329', '广西壮族自治区桂林市资源县'),(3257, '450326', '广西壮族自治区桂林市永福县'),(3258, '450321', '广西壮族自治区桂林市阳朔县'),(3259, '450311', '广西壮族自治区桂林市雁山区'),(3260, '450302', '广西壮族自治区桂林市秀峰区'),(3261, '450304', '广西壮族自治区桂林市象山区'),(3262, '450325', '广西壮族自治区桂林市兴安县'),(3263, '450305', '广西壮族自治区桂林市七星区'),(3264, '450324', '广西壮族自治区桂林市全州县'),(3265, '450323', '广西壮族自治区桂林市灵川县'),(3266, '450328', '广西壮族自治区桂林市龙胜各族自治县'),(3267, '450312', '广西壮族自治区桂林市临桂区'),(3268, '450381', '广西壮族自治区桂林市荔浦市'),(3269, '450327', '广西壮族自治区桂林市灌阳县'),(3270, '450332', '广西壮族自治区桂林市恭城瑶族自治县'),(3271, '450303', '广西壮族自治区桂林市叠彩区'),(3272, '451082', '广西壮族自治区百色市平果市'),(3273, '451081', '广西壮族自治区百色市靖西市'),(3274, '451024', '广西壮族自治区百色市德保县'),(3275, '451026', '广西壮族自治区百色市那坡县'),(3276, '451028', '广西壮族自治区百色市乐业县'),(3277, '451029', '广西壮族自治区百色市田林县'),(3278, '451027', '广西壮族自治区百色市凌云县'),(3279, '451031', '广西壮族自治区百色市隆林各族自治县'),(3280, '451022', '广西壮族自治区百色市田东县'),(3281, '451003', '广西壮族自治区百色市田阳区'),(3282, '451030', '广西壮族自治区百色市西林县'),(3283, '451002', '广西壮族自治区百色市右江区'),(3284, '450502', '广西壮族自治区北海市海城区'),(3285, '450521', '广西壮族自治区北海市合浦县'),(3286, '450503', '广西壮族自治区北海市银海区'),(3287, '450512', '广西壮族自治区北海市铁山港区'),(3288, '450621', '广西壮族自治区防城港市上思县'),(3289, '450603', '广西壮族自治区防城港市防城区'),(3290, '450602', '广西壮族自治区防城港市港口区'),(3291, '450681', '广西壮族自治区防城港市东兴市'),(3292, '450802', '广西壮族自治区贵港市港北区'),(3293, '450881', '广西壮族自治区贵港市桂平市'),(3294, '450804', '广西壮族自治区贵港市覃塘区'),(3295, '450821', '广西壮族自治区贵港市平南县'),(3296, '450803', '广西壮族自治区贵港市港南区'),(3297, '451229', '广西壮族自治区河池市大化瑶族自治县'),(3298, '451227', '广西壮族自治区河池市巴马瑶族自治县'),(3299, '451223', '广西壮族自治区河池市凤山县'),(3300, '451203', '广西壮族自治区河池市宜州区'),(3301, '451222', '广西壮族自治区河池市天峨县'),(3302, '451221', '广西壮族自治区河池市南丹县'),(3303, '451225', '广西壮族自治区河池市罗城仫佬族自治县'),(3304, '451202', '广西壮族自治区河池市金城江区'),(3305, '451226', '广西壮族自治区河池市环江毛南族自治县'),(3306, '451224', '广西壮族自治区河池市东兰县'),(3307, '451228', '广西壮族自治区河池市都安瑶族自治县'),(3308, '450721', '广西壮族自治区钦州市灵山县'),(3309, '450703', '广西壮族自治区钦州市钦北区'),(3310, '450702', '广西壮族自治区钦州市钦南区'),(3311, '450722', '广西壮族自治区钦州市浦北县'),(3312, '450422', '广西壮族自治区梧州市藤县'),(3313, '450423', '广西壮族自治区梧州市蒙山县'),(3314, '450406', '广西壮族自治区梧州市龙圩区'),(3315, '450481', '广西壮族自治区梧州市岑溪市'),(3316, '450421', '广西壮族自治区梧州市苍梧县'),(3317, '450405', '广西壮族自治区梧州市长洲区'),(3318, '450403', '广西壮族自治区梧州市万秀区'),(3319, '450981', '广西壮族自治区玉林市北流市'),(3320, '450902', '广西壮族自治区玉林市玉州区'),(3321, '450924', '广西壮族自治区玉林市兴业县'),(3322, '450921', '广西壮族自治区玉林市容县'),(3323, '450922', '广西壮族自治区玉林市陆川县'),(3324, '450923', '广西壮族自治区玉林市博白县'),(3325, '450903', '广西壮族自治区玉林市福绵区'),(3326, '451423', '广西壮族自治区崇左市龙州县'),(3327, '451425', '广西壮族自治区崇左市天等县'),(3328, '451481', '广西壮族自治区崇左市凭祥市'),(3329, '451422', '广西壮族自治区崇左市宁明县'),(3330, '451402', '广西壮族自治区崇左市江州区'),(3331, '451421', '广西壮族自治区崇左市扶绥县'),(3332, '451424', '广西壮族自治区崇左市大新县'),(3333, '451322', '广西壮族自治区来宾市象州县'),(3334, '451321', '广西壮族自治区来宾市忻城县'),(3335, '451302', '广西壮族自治区来宾市兴宾区'),(3336, '451324', '广西壮族自治区来宾市金秀瑶族自治县'),(3337, '451381', '广西壮族自治区来宾市合山市'),(3338, '451323', '广西壮族自治区来宾市武宣县'),(3339, '450127', '广西壮族自治区南宁市横州市'),(3340, '450125', '广西壮族自治区南宁市上林县'),(3341, '450126', '广西壮族自治区南宁市宾阳县'),(3342, '450107', '广西壮族自治区南宁市西乡塘区'),(3343, '450110', '广西壮族自治区南宁市武鸣区'),(3344, '450103', '广西壮族自治区南宁市青秀区'),(3345, '450123', '广西壮族自治区南宁市隆安县'),(3346, '450108', '广西壮族自治区南宁市良庆区'),(3347, '450105', '广西壮族自治区南宁市江南区'),(3348, '450109', '广西壮族自治区南宁市邕宁区'),(3349, '450102', '广西壮族自治区南宁市兴宁区'),(3350, '440106', '广东省广州市天河区'),(3351, '440112', '广东省广州市黄埔区'),(3352, '440103', '广东省广州市荔湾区'),(3353, '441225', '广东省肇庆市封开县'),(3354, '441226', '广东省肇庆市德庆县'),(3355, '441204', '广东省肇庆市高要区'),(3356, '441224', '广东省肇庆市怀集县'),(3357, '441223', '广东省肇庆市广宁县'),(3358, '441203', '广东省肇庆市鼎湖区'),(3359, '441284', '广东省肇庆市四会市'),(3360, '441202', '广东省肇庆市端州区'),(3361, '441322', '广东省惠州市博罗县'),(3362, '441302', '广东省惠州市惠城区'),(3363, '441323', '广东省惠州市惠东县'),(3364, '441303', '广东省惠州市惠阳区'),(3365, '441324', '广东省惠州市龙门县'),(3366, '445224', '广东省揭阳市惠来县'),(3367, '445203', '广东省揭阳市揭东区'),(3368, '445222', '广东省揭阳市揭西县'),(3369, '445281', '广东省揭阳市普宁市'),(3370, '445202', '广东省揭阳市榕城区'),(3371, '441821', '广东省清远市佛冈县'),(3372, '441826', '广东省清远市连南瑶族自治县'),(3373, '441825', '广东省清远市连山壮族瑶族自治县'),(3374, '441882', '广东省清远市连州市'),(3375, '441802', '广东省清远市清城区'),(3376, '441803', '广东省清远市清新区'),(3377, '441823', '广东省清远市阳山县'),(3378, '441881', '广东省清远市英德市'),(3379, '440111', '广东省广州市白云区'),(3380, '440117', '广东省广州市从化区'),(3381, '440113', '广东省广州市番禺区'),(3382, '440105', '广东省广州市海珠区'),(3383, '440114', '广东省广州市花都区'),(3384, '440115', '广东省广州市南沙区'),(3385, '440118', '广东省广州市增城区'),(3386, '440606', '广东省佛山市顺德区'),(3387, '440608', '广东省佛山市高明区'),(3388, '440607', '广东省佛山市三水区'),(3389, '440605', '广东省佛山市南海区'),(3390, '440604', '广东省佛山市禅城区'),(3391, '810115', '香港屯门区'),(3392, '810106', '香港深水埗区'),(3393, '810114', '香港沙田区'),(3394, '810103', '香港九龙城区'),(3395, '810117', '香港荃湾区'),(3396, '810111', '香港葵青区'),(3397, '810116', '香港大埔区'),(3398, '810105', '香港南区'),(3399, '810108', '香港黄大仙区'),(3400, '810104', '香港观塘区'),(3401, '810112', '香港北区'),(3402, '810101', '香港中西区'),(3403, '810107', '香港湾仔区'),(3404, '810109', '香港油尖旺区'),(3405, '810102', '香港东区'),(3406, '810113', '香港西贡区'),(3407, '440402', '广东省珠海市香洲区'),(3408, '440404', '广东省珠海市金湾区'),(3409, '440403', '广东省珠海市斗门区'),(3410, '440229', '广东省韶关市翁源县'),(3411, '440233', '广东省韶关市新丰县'),(3412, '440224', '广东省韶关市仁化县'),(3413, '440203', '广东省韶关市武江区'),(3414, '440204', '广东省韶关市浈江区'),(3415, '440232', '广东省韶关市乳源瑶族自治县'),(3416, '440281', '广东省韶关市乐昌市'),(3417, '440222', '广东省韶关市始兴县'),(3418, '440282', '广东省韶关市南雄市'),(3419, '440205', '广东省韶关市曲江区'),(3420, '445122', '广东省潮州市饶平县'),(3421, '445102', '广东省潮州市湘桥区'),(3422, '445103', '广东省潮州市潮安区'),(3423, '440902', '广东省茂名市茂南区'),(3424, '440982', '广东省茂名市化州市'),(3425, '440983', '广东省茂名市信宜市'),(3426, '440981', '广东省茂名市高州市'),(3427, '440904', '广东省茂名市电白区'),(3428, '441422', '广东省梅州市大埔县'),(3429, '441427', '广东省梅州市蕉岭县'),(3430, '441426', '广东省梅州市平远县'),(3431, '441402', '广东省梅州市梅江区'),(3432, '441403', '广东省梅州市梅县区'),(3433, '441481', '广东省梅州市兴宁市'),(3434, '441423', '广东省梅州市丰顺县'),(3435, '441424', '广东省梅州市五华县'),(3436, '440514', '广东省汕头市潮南区'),(3437, '440513', '广东省汕头市潮阳区'),(3438, '440515', '广东省汕头市澄海区'),(3439, '440512', '广东省汕头市濠江区'),(3440, '440511', '广东省汕头市金平区'),(3441, '441502', '广东省汕尾市城区'),(3442, '441523', '广东省汕尾市陆河县'),(3443, '441521', '广东省汕尾市海丰县'),(3444, '441581', '广东省汕尾市陆丰市'),(3445, '440507', '广东省汕头市龙湖区'),(3446, '810118', '香港元朗区'),(3447, '820010', '澳门澳门特别行政区直辖'),(3448, '440802', '广东省湛江市赤坎区'),(3449, '440803', '广东省湛江市霞山区'),(3450, '460300', '海南省三沙市三沙市'),(3451, '441602', '广东省河源市源城区'),(3452, '440705', '广东省江门市新会区'),(3453, '330383', '浙江省温州市龙港市'),(3454, '330903', '浙江省舟山市普陀区'),(3455, '330921', '浙江省舟山市岱山县'),(3456, '460205', '海南省三亚市崖州区'),(3457, '440523', '广东省汕头市南澳县'),(3458, '350527', '福建省泉州市金门县'),(3459, '330305', '浙江省温州市洞头区'),(3460, '330922', '浙江省舟山市嵊泗县'),(3461, '440104', '广东省广州市越秀区'),(3462, '340102', '安徽省合肥市瑶海区'),(3463, '431381', '湖南省娄底市冷水江市'),(3464, '430503', '湖南省邵阳市大祥区'),(3465, '430603', '湖南省岳阳市云溪区'),(3466, '341504', '安徽省六安市叶集区'),(3467, '130109', '河北省石家庄市藁城区'),(3468, '430102', '湖南省长沙市芙蓉区'),(3469, '430103', '湖南省长沙市天心区'),(3470, '410926', '河南省濮阳市范县'),(3471, '441500', '广东省汕尾市汕尾市'),(3472, '140213', '山西省大同市平城区'),(3473, '999900', '苏鲁交界海域海域'),(3474, '640181', '宁夏回族自治区银川市灵武市'),(3475, '510522', '四川省泸州市合江县');
UNLOCK TABLES;
COMMIT;
BEGIN;
LOCK TABLES `config` WRITE;
DELETE FROM `config`;
INSERT INTO `config` (`id`,`code`,`name`,`value`) VALUES (1, 'defaultPassword', '默认密码', '1');
UNLOCK TABLES;
COMMIT;
BEGIN;
LOCK TABLES `dept` WRITE;
DELETE FROM `dept`;
INSERT INTO `dept` (`id`,`code`,`name`,`enterprise_id`,`parent_id`,`dept_type`) VALUES (1, '01', '部门01', 4, NULL, '1'),(2, '0101', '部门0101', 4, 1, '1'),(3, '02', '部门02', 4, NULL, '1'),(4, '0201', '部门0201', 4, 3, '1'),(5, '0102', '部门0102', 4, 1, '1'),(6, '0103', '测试', 4, 1, '1');
UNLOCK TABLES;
COMMIT;
BEGIN;
LOCK TABLES `dept_manager` WRITE;
DELETE FROM `dept_manager`;
INSERT INTO `dept_manager` (`id`,`dept_id`,`enterprise_user_id`) VALUES (5, 3, 2),(6, 1, 2),(7, 1, 1),(8, 6, 2);
UNLOCK TABLES;
COMMIT;
BEGIN;
LOCK TABLES `dic` WRITE;
DELETE FROM `dic`;
INSERT INTO `dic` (`id`,`dic_code`,`dic_name`) VALUES (1, 'gender', '性别'),(2, 'whether', '是否'),(5, 'menuType', '菜单类型'),(6, 'componentType', '组件类型'),(7, 'userType', '用户类型'),(8, 'userStatus', '用户状态'),(9, 'dateFormat', '日期格式'),(10, 'positionType', '岗位类型'),(11, 'deptType', '部门类型'),(12, 'checkRepeatType', '校验重复类型'),(13, 'permissionType', '权限类型'),(14, 'selfOrAll', '自己/全部'),(15, 'dept', '部门权限'),(16, 'decorationType', '装修类型'),(17, 'customerStatus', '客户状态'),(18, 'auditResult', '审核结果'),(19, 'dataStatus', '状态'),(20, 'timerTaskRecordStatus', '定时任务状态'),(21, 'testOrderStatus', '测试订单状态'),(22, 'eventType', '事件类型'),(23, 'repeatStrategy', '判重策略'),(24, 'importDataType', '导入数据类型'),(25, 'dataImportTaskStatus', '数据导入状态');
UNLOCK TABLES;
COMMIT;
BEGIN;
LOCK TABLES `dic_item` WRITE;
DELETE FROM `dic_item`;
INSERT INTO `dic_item` (`id`,`parent_id`,`label`,`value`,`seq`) VALUES (1, 1, '男', '1', 1),(3, 1, '保密', '3', 3),(4, 2, '是', 'YES', 1),(5, 2, '否', 'NO', 2),(10, 5, '后台菜单', '1', 1),(11, 5, '前台菜单', '2', 2),(12, 6, '文本框', 'input-text', 1),(13, 6, '多行文本', 'textarea', 2),(14, 6, '下拉框', 'select', 3),(15, 6, '复选框', 'checkboxes', 4),(16, 6, '数字', 'input-number', 5),(17, 6, '单选框', 'radios', 6),(18, 6, '静态展示', 'static', 7),(19, 6, '日期', 'input-date', 8),(20, 6, '选择器', 'selector', 9),(21, 6, '日期时间', 'input-datetime', 10),(22, 6, '地理位置', 'location-picker', 11),(23, 6, '密码框', 'input-password', 12),(24, 6, '富文本编辑器', 'input-rich-text', 13),(25, 6, '开关', 'switch', 14),(26, 6, '日期范围', 'input-date-range', 15),(27, 6, '省份选择', 'input-province', 16),(28, 6, 'excel解析', 'input-excel', 17),(29, 6, '日期时间范围', 'input-datetime-range', 18),(30, 6, '颜色选择', 'input-color', 19),(31, 6, '月份', 'input-month', 20),(32, 6, '月份范围', 'input-month-range', 21),(33, 6, '时间', 'input-time', 22),(34, 6, '时间范围', 'input-time-range', 23),(35, 6, '年', 'input-year', 24),(36, 6, '年范围', 'input-year-range', 25),(37, 6, '季度', 'input-quarter', 26),(38, 6, '季度范围', 'input-quarter-range', 27),(39, 6, '图片', 'input-image', 28),(40, 6, '文件上传', 'input-file', 29),(41, 6, '评分', 'input-rating', 30),(42, 6, '滑块选择', 'input-range', 31),(43, 6, '重复率选择器', 'input-repeat', 32),(44, 6, '标签选择器', 'input-tag', 33),(45, 6, '按钮点选', 'button-group-select', 34),(46, 6, '公式', 'formula', 35),(47, 6, '编辑器', 'editor', 36),(48, 6, '公式编辑器', 'input-formula', 37),(49, 1, '女', '2', 2),(50, 6, '省市选择', 'input-province_city', 16),(51, 6, '省市区/县', 'input-province-city-county', 16),(52, 7, '管理员', 'admin', 1),(53, 7, '普通用户', 'common', 2),(54, 8, '在职', '1', 1),(55, 8, '离职', '2', 2),(56, 9, '年月日', 'yyyyMMdd', 1),(57, 9, '年月', 'yyyyMM', 2),(58, 9, '年', 'yyyy', 3),(59, 6, '选择器-弹出', 'selector-pop', 9),(60, 6, '选择树', 'input-tree', 38),(61, 6, '下拉树', 'tree-select', 39),(62, 10, '固定', '1', 1),(63, 10, '自定义', '2', 2),(64, 11, '普通部门', '1', 1),(65, 11, '推广部门', '2', 2),(66, 11, '销售部门', '3', 3),(67, 11, '门店', '4', 4),(68, 12, '不校验', 'notCheck', 1),(69, 12, '全局唯一', 'global', 2),(70, 12, '企业内唯一', 'enterprise', 3),(71, 12, '多字段联合唯一', 'fields', 4),(72, 12, 'sql校验唯一', 'sql', 5),(74, 13, '数据字典', 'dic', 1),(75, 13, '查询sql', 'sql', 3),(76, 13, '页面', 'page', 2),(78, 14, '查看自己的数据', 'self', 1),(79, 14, '查看全部的数据', 'all', 2),(80, 15, '所属部门', 'dept', 2),(81, 15, '所属部门及子部门', 'deptAndChild', 3),(82, 15, '负责部门', 'manageDept', 4),(83, 15, '负责部门及子部门', 'manageDeptAndChild', 5),(84, 15, '全部', 'all', 1),(85, 16, '整装', '1', 1),(86, 16, '局装', '2', 2),(87, 16, '零售', '3', 3),(88, 17, '开立', '1', 1),(89, 17, '提交', '2', 2),(90, 17, '主管审核通过', '3', 3),(91, 17, '财务审核通过', '4', 4),(92, 18, '审核通过', '1', 1),(93, 18, '打回', '2', 2),(94, 19, '有效', '1', 1),(95, 19, '无效', '2', 2),(96, 20, '执行中', '执行中', 1),(97, 20, '执行成功', '执行成功', 2),(98, 20, '执行失败', '执行失败', 3),(99, 21, '开立', '1', 1),(100, 21, '提交', '2', 2),(101, 21, '审核通过', '3', 3),(102, 6, '表格InputTable', 'input-table', 40),(105, 22, '新增', '1', 1),(106, 22, '修改', '2', 2),(107, 22, '删除', '3', 3),(108, 22, '修改字段', '4', 4),(109, 23, '报错', 'error', 1),(110, 23, '更新', 'update', 2),(111, 24, '字符串', 'string', 1),(112, 24, '数据字典', 'dic', 2),(113, 24, '日期', 'date', 3),(114, 24, '整数', 'number', 4),(115, 24, '小数', 'double', 5),(116, 24, '关联表', 'relateTable', 6),(117, 25, '未开始', 'NotStart', 1),(118, 25, '正在验证', 'Validation', 2),(119, 25, '验证失败', 'InValid', 3),(120, 25, '正在导入', 'Importing', 4),(121, 25, '导入成功', 'Success', 5),(122, 25, '异常关闭', 'ExceptionClose', 6);
UNLOCK TABLES;
COMMIT;
BEGIN;
LOCK TABLES `enterprise` WRITE;
DELETE FROM `enterprise`;
INSERT INTO `enterprise` (`id`,`code`,`name`,`logo`,`address`) VALUES (3, '01', '企业01', '/admin/download/19/43e6a11ac1db1d2c63509d2f9ae704e9.jpeg', NULL),(4, '02', '企业02', '/admin/download/21/b68c9f5e7aed7e50e508445681dcf2e4.jpeg', NULL);
UNLOCK TABLES;
COMMIT;
BEGIN;
LOCK TABLES `enterprise_manager` WRITE;
DELETE FROM `enterprise_manager`;
INSERT INTO `enterprise_manager` (`id`,`enterprise_id`,`user_id`) VALUES (4, 3, 1),(6, 4, 2),(7, 4, 3);
UNLOCK TABLES;
COMMIT;
BEGIN;
LOCK TABLES `enterprise_menu` WRITE;
DELETE FROM `enterprise_menu`;
INSERT INTO `enterprise_menu` (`id`,`enterprise_id`,`menu_id`) VALUES (83, 3, 8),(84, 3, 9),(85, 3, 10),(86, 3, 11),(87, 3, 13),(88, 3, 17),(89, 3, 19),(1898, 4, 52),(1899, 4, 53),(1900, 4, 54),(1901, 4, 55),(1902, 4, 56),(1903, 4, 57),(1904, 4, 58),(1905, 4, 59),(1906, 4, 60),(1907, 4, 61),(1908, 4, 62),(1909, 4, 63),(1910, 4, 64),(1913, 4, 65),(1914, 4, 66),(1915, 4, 67),(1916, 4, 68),(1917, 4, 69),(1918, 4, 70),(1919, 4, 89),(1920, 4, 90),(1923, 4, 71),(1924, 4, 72),(1925, 4, 73),(1926, 4, 74),(1927, 4, 75),(1928, 4, 76),(1929, 4, 8),(1930, 4, 10),(1931, 4, 11),(1933, 4, 14),(1937, 4, 87),(1938, 4, 88),(1939, 4, 83),(1940, 4, 84),(1941, 4, 85),(1942, 4, 86),(1943, 4, 134),(1944, 4, 135),(1945, 4, 136),(1946, 4, 137),(1947, 4, 77),(1948, 4, 78),(1949, 4, 79),(1967, 4, 138),(1968, 4, 139),(1969, 4, 140),(1971, 4, 152),(1972, 4, 153),(1973, 4, 154),(1974, 4, 155),(1975, 4, 156),(1976, 4, 157),(1977, 4, 158),(1981, 4, 148),(1982, 4, 149);
UNLOCK TABLES;
COMMIT;
BEGIN;
LOCK TABLES `enterprise_user` WRITE;
DELETE FROM `enterprise_user`;
INSERT INTO `enterprise_user` (`id`,`enterprise_id`,`user_id`,`dept_id`) VALUES (1, 4, 3, 3),(2, 4, 2, 3);
UNLOCK TABLES;
COMMIT;
BEGIN;
LOCK TABLES `enterprise_user_position` WRITE;
DELETE FROM `enterprise_user_position`;
INSERT INTO `enterprise_user_position` (`id`,`enterprise_user_id`,`position_id`) VALUES (3, 2, 5);
UNLOCK TABLES;
COMMIT;
BEGIN;
LOCK TABLES `form` WRITE;
DELETE FROM `form`;
INSERT INTO `form` (`id`,`code`,`name`,`table_name`,`init_api`,`api`,`size`,`field_width`,`disabled`,`init_sql`,`before_api`,`after_api`) VALUES (2, 'dicForm', '数据字典', 'dic', NULL, NULL, 'lg', 12, 'NO', '', '', ''),(3, 'dicItemForm', '字典明细表单', 'dic_item', NULL, NULL, 'default', 12, '0', NULL, NULL, NULL),(4, 'foreignKeyForm', '外键表单', NULL, NULL, 'post:/tableInfo/saveForeignKey', 'default', 12, '0', NULL, NULL, NULL),(5, 'sysMenuForm', '菜单表单', 'sys_menu', NULL, NULL, 'default', 12, '0', '', NULL, NULL),(6, 'dicFormView', '数据字典查看', 'dic', NULL, NULL, 'full', 12, 'YES', '', '', ''),(9, 'configForm', '系统配置', 'config', NULL, NULL, 'xl', 12, 'NO', NULL, NULL, NULL),(10, 'user', '用户表单', 'user', NULL, 'post:/admin/user/user/save', 'default', 12, 'NO', '', '', ''),(12, 'enterprise', '企业表单', 'enterprise', NULL, NULL, 'xl', 12, 'NO', NULL, NULL, NULL),(13, 'enterpriseManager', '企业负责人表单', 'enterprise_manager', NULL, 'post:/admin/common/enterpriseManager/addRelation/enterpriseId/userId', 'xl', 12, 'NO', NULL, NULL, NULL),(14, 'enterpriseMenu', '企业菜单', '', 'post:/admin/common/enterpriseMenu/getRelationIds/enterpriseId/menuId/${id}', 'post:/admin/common/enterpriseMenu/reSaveRelation/enterpriseId/menuId', 'lg', 12, 'NO', NULL, NULL, NULL),(15, 'position', '岗位表单', 'position', NULL, NULL, 'default', 12, 'NO', '', NULL, NULL),(16, 'positionFixed', '固定岗位表单', 'position', NULL, NULL, 'default', 12, 'NO', '', NULL, NULL),(17, 'positionMenu', '岗位菜单', '', 'post:/admin/common/positionMenu/getRelationIdsForEnterprise/positionId/menuId/${id}', 'post:/admin/common/positionMenu/reSaveRelationForEnterprise/positionId/menuId', 'lg', 12, 'NO', NULL, NULL, NULL),(18, 'dept', '部门表单', 'dept', NULL, NULL, 'xl', 6, 'NO', '', '', ''),(19, 'enterpriseUser', '企业用户表单', 'enterprise_user', NULL, 'post:/admin/user/saveEnterpriseUser', 'xl', 12, 'NO', '-- 查询用户\r\nselect\r\n	eu.id, -- 主键\r\n	u.user_code, -- 用户编号\r\n	u.name, -- 姓名\r\n	u.mobile, -- 手机号\r\n	u.avatar, -- 头像\r\n	u.user_type, -- 用户类型\r\n	u.user_status, -- 用户状态\r\n	u.other_files, -- 附件列表\r\n    eu.dept_id -- 部门id\r\nfrom enterprise_user eu\r\nleft join user u on u.id = eu.user_id \r\nwhere eu.id = $id', NULL, NULL),(20, 'enterpriseUserPosition', '企业用户岗位表单', 'enterprise_user_position', NULL, 'post:/admin/common/enterpriseUserPosition/addRelation/enterpriseUserId/positionId', 'xl', 12, 'NO', '', NULL, NULL),(21, 'otherEnterpriseUser', '添加其他企业用户', 'enterprise_user', NULL, 'post:/admin/common/enterpriseUser/addRelation/enterpriseId/userId', 'xl', 12, 'NO', '', NULL, NULL),(22, 'deptManager', '部门负责人', 'dept_manager', NULL, 'post:/admin/common/deptManager/addRelation/deptId/enterpriseUserId', 'xl', 12, 'NO', '', NULL, NULL),(35, 'menuUrl', '菜单url表单', 'menu_url', NULL, NULL, 'default', 12, 'NO', '', '', ''),(36, 'menuUrlAll', '全部url表单', 'menu_url', NULL, NULL, 'default', 12, 'NO', '', '', ''),(49, 'dicJavaCode', 'java代码', '', 'get:/dic/javaCode/${dicCode}', NULL, 'lg', 12, 'YES', '', '', '');
UNLOCK TABLES;
COMMIT;
BEGIN;
LOCK TABLES `form_button` WRITE;
DELETE FROM `form_button`;
UNLOCK TABLES;
COMMIT;
BEGIN;
LOCK TABLES `form_field` WRITE;
DELETE FROM `form_field`;
INSERT INTO `form_field` (`id`,`form_id`,`field`,`label`,`width`,`type`,`format`,`hidden`,`seq`,`value`,`multi`,`must`,`disabled`,`component_type`,`check_repeat_type`,`check_repeat_config`,`check_repeat_tip`,`validations`,`option_sql`,`label_remark`) VALUES (76, 4, 'constraintName', '外键名称', NULL, 'string', NULL, 'NO', 0, NULL, 'NO', 'YES', '', NULL, NULL, NULL, NULL, NULL, NULL, NULL),(77, 4, 'tableName', '表名', NULL, 'string', NULL, 'NO', 0, NULL, 'NO', 'YES', '', NULL, NULL, NULL, NULL, NULL, NULL, NULL),(78, 4, 'columnName', '列名', NULL, 'string', NULL, 'NO', 0, NULL, 'NO', 'YES', '', NULL, NULL, NULL, NULL, NULL, NULL, NULL),(79, 4, 'referencedTableName', '关联表名', NULL, 'string', NULL, 'NO', 0, NULL, 'NO', 'YES', '', NULL, NULL, NULL, NULL, NULL, NULL, NULL),(80, 4, 'referencedColumnName', '关联列名', NULL, 'string', NULL, 'NO', 0, NULL, 'NO', 'YES', '', NULL, NULL, NULL, NULL, NULL, NULL, NULL),(186, 9, 'id', '主键', NULL, 'long', NULL, 'YES', 0, NULL, 'NO', 'NO', 'NO', NULL, NULL, NULL, NULL, NULL, NULL, NULL),(187, 9, 'code', '编号', NULL, 'string', NULL, 'NO', 0, NULL, 'NO', 'NO', 'NO', NULL, NULL, NULL, NULL, NULL, NULL, NULL),(188, 9, 'name', '名称', NULL, 'string', NULL, 'NO', 0, NULL, 'NO', 'NO', 'NO', NULL, NULL, NULL, NULL, NULL, NULL, NULL),(189, 9, 'value', '值', NULL, 'big-string', 'json', 'NO', 0, NULL, 'NO', 'NO', 'NO', 'editor', NULL, NULL, NULL, NULL, NULL, NULL),(303, 3, 'id', '主键', NULL, 'long', NULL, 'YES', 0, NULL, 'NO', 'NO', '', NULL, NULL, NULL, NULL, NULL, NULL, NULL),(304, 3, 'parentId', '字典id', NULL, 'long', NULL, 'YES', 0, NULL, 'NO', 'YES', '', NULL, NULL, NULL, NULL, NULL, NULL, NULL),(305, 3, 'label', '字典标签', NULL, 'string', NULL, 'NO', 0, NULL, 'NO', 'YES', '', NULL, NULL, NULL, NULL, NULL, NULL, NULL),(306, 3, 'value', '字典值', NULL, 'string', NULL, 'NO', 0, NULL, 'NO', 'YES', '', NULL, NULL, NULL, NULL, NULL, NULL, NULL),(307, 3, 'seq', '序号', NULL, 'int', NULL, 'NO', 0, NULL, 'NO', 'YES', 'NO', NULL, NULL, NULL, NULL, NULL, NULL, NULL),(337, 12, 'id', '主键', NULL, 'long', NULL, 'YES', 0, NULL, NULL, 'NO', 'NO', NULL, NULL, NULL, NULL, NULL, NULL, NULL),(338, 12, 'code', '编号', NULL, 'string', NULL, 'NO', 0, NULL, NULL, 'YES', 'NO', NULL, NULL, NULL, NULL, NULL, NULL, NULL),(339, 12, 'name', '名称', NULL, 'string', NULL, 'NO', 0, NULL, NULL, 'YES', 'NO', NULL, NULL, NULL, NULL, NULL, NULL, NULL),(340, 12, 'logo', 'logo', NULL, 'string', NULL, 'NO', 0, NULL, NULL, 'NO', 'NO', 'input-image', NULL, NULL, NULL, NULL, NULL, NULL),(341, 12, 'address', '地址', NULL, 'string', NULL, 'NO', 0, NULL, NULL, 'NO', 'NO', NULL, NULL, NULL, NULL, NULL, NULL, NULL),(354, 13, 'id', '主键', NULL, 'long', NULL, 'YES', 0, NULL, NULL, 'NO', 'NO', NULL, NULL, NULL, NULL, NULL, NULL, NULL),(355, 13, 'enterpriseId', '企业id', NULL, 'long', NULL, 'YES', 0, NULL, NULL, 'NO', 'NO', NULL, NULL, NULL, NULL, NULL, NULL, NULL),(356, 13, 'userId', '人员id', NULL, 'selector', 'user', 'NO', 0, NULL, 'YES', 'NO', 'NO', 'selector-pop', NULL, NULL, NULL, NULL, NULL, NULL),(396, 14, 'id', '主键', NULL, 'long', NULL, 'YES', 0, NULL, NULL, 'NO', 'NO', NULL, NULL, NULL, NULL, NULL, NULL, NULL),(397, 14, 'menuId', '菜单', 12, 'selector', 'menu', 'NO', 0, NULL, 'YES', 'NO', 'NO', 'input-tree', NULL, NULL, NULL, NULL, NULL, NULL),(400, 17, 'positionId', '主键', NULL, 'long', NULL, 'YES', 0, NULL, NULL, 'NO', 'NO', NULL, NULL, NULL, NULL, NULL, NULL, NULL),(401, 17, 'menuId', '菜单', 12, 'selector', 'enterpriseMenu', 'NO', 0, NULL, 'YES', 'NO', 'NO', 'input-tree', NULL, NULL, NULL, NULL, NULL, NULL),(476, 15, 'id', '主键', NULL, 'long', NULL, 'YES', 0, NULL, NULL, 'NO', 'NO', NULL, NULL, NULL, NULL, NULL, NULL, NULL),(477, 15, 'code', '岗位编号', NULL, 'string', NULL, 'NO', 0, NULL, NULL, 'YES', 'NO', NULL, 'global', NULL, NULL, NULL, NULL, NULL),(478, 15, 'name', '岗位名称', NULL, 'string', NULL, 'NO', 0, NULL, NULL, 'YES', 'NO', NULL, NULL, NULL, NULL, NULL, NULL, NULL),(479, 15, 'positionType', '岗位类型', NULL, 'dic', 'positionType', 'YES', 0, '2', NULL, 'YES', 'NO', NULL, NULL, NULL, NULL, NULL, NULL, NULL),(480, 16, 'id', '主键', NULL, 'long', NULL, 'YES', 0, NULL, NULL, 'NO', 'NO', NULL, NULL, NULL, NULL, NULL, NULL, NULL),(481, 16, 'code', '岗位编号', NULL, 'string', NULL, 'NO', 0, NULL, NULL, 'YES', 'NO', NULL, 'global', NULL, NULL, NULL, NULL, NULL),(482, 16, 'name', '岗位名称', NULL, 'string', NULL, 'NO', 0, NULL, NULL, 'YES', 'NO', NULL, NULL, NULL, NULL, NULL, NULL, NULL),(483, 16, 'positionType', '岗位类型', NULL, 'dic', 'positionType', 'YES', 0, '1', NULL, 'YES', 'NO', NULL, NULL, NULL, NULL, NULL, NULL, NULL),(506, 19, 'avatar', '头像', NULL, 'string', NULL, 'NO', 0, NULL, 'NO', 'NO', 'NO', 'input-image', NULL, NULL, NULL, NULL, NULL, NULL),(507, 19, 'id', '主键', NULL, 'long', NULL, 'YES', 0, NULL, NULL, 'NO', NULL, NULL, NULL, NULL, NULL, NULL, NULL, NULL),(508, 19, 'userCode', '员工号', NULL, 'string', NULL, 'NO', 0, NULL, NULL, 'YES', NULL, NULL, NULL, NULL, NULL, NULL, NULL, NULL),(509, 19, 'name', '姓名', NULL, 'string', NULL, 'NO', 0, NULL, NULL, 'YES', NULL, NULL, NULL, NULL, NULL, NULL, NULL, NULL),(510, 19, 'mobile', '手机号', NULL, 'string', NULL, 'NO', 0, NULL, NULL, 'NO', NULL, NULL, NULL, NULL, NULL, NULL, NULL, NULL),(511, 19, 'userStatus', '用户状态', NULL, 'dic', 'userStatus', 'NO', 0, NULL, NULL, 'YES', NULL, NULL, NULL, NULL, NULL, NULL, NULL, NULL),(512, 19, 'deptId', '部门', NULL, 'selector', 'dept', 'NO', 0, NULL, 'NO', 'NO', 'NO', NULL, NULL, NULL, NULL, NULL, NULL, NULL),(513, 19, 'otherFiles', '附件列表', NULL, 'string', NULL, 'NO', 0, NULL, 'YES', 'NO', 'NO', 'input-file', NULL, NULL, NULL, NULL, NULL, NULL),(520, 20, 'id', '主键', NULL, 'long', NULL, 'YES', 0, NULL, NULL, 'NO', 'NO', NULL, NULL, NULL, NULL, NULL, NULL, NULL),(521, 20, 'enterpriseUserId', '企业用户id', NULL, 'long', NULL, 'YES', 0, NULL, NULL, 'NO', 'NO', NULL, NULL, NULL, NULL, NULL, NULL, NULL),(522, 20, 'positionId', '岗位id', NULL, 'selector', 'position', 'NO', 0, NULL, 'YES', 'NO', 'NO', 'selector-pop', NULL, NULL, NULL, NULL, NULL, NULL),(526, 21, 'id', '主键', NULL, 'long', NULL, 'YES', 0, NULL, NULL, 'NO', 'NO', NULL, NULL, NULL, NULL, NULL, NULL, NULL),(527, 21, 'enterpriseId', '企业id', NULL, 'long', NULL, 'YES', 0, '$enterpriseId', NULL, 'NO', 'NO', NULL, NULL, NULL, NULL, NULL, NULL, NULL),(528, 21, 'userId', '选择用户', NULL, 'selector', 'otherEnterpriseUser', 'NO', 0, NULL, 'YES', 'NO', 'NO', 'selector-pop', NULL, NULL, NULL, NULL, NULL, NULL),(556, 5, 'id', '主键', NULL, 'long', NULL, 'YES', 0, NULL, 'NO', 'NO', '', NULL, NULL, NULL, NULL, NULL, NULL, NULL),(557, 5, 'parentId', '父菜单', NULL, 'selector', 'menu', 'NO', 0, NULL, 'NO', 'NO', '', NULL, NULL, NULL, NULL, NULL, NULL, NULL),(558, 5, 'menuCode', '菜单编号', NULL, 'string', NULL, 'NO', 0, NULL, 'NO', 'YES', '', NULL, 'global', NULL, NULL, NULL, NULL, NULL),(559, 5, 'menuName', '菜单名称', NULL, 'string', NULL, 'NO', 0, NULL, 'NO', 'YES', '', NULL, NULL, NULL, NULL, NULL, NULL, NULL),(560, 5, 'menuType', '菜单类型', NULL, 'dic', 'menuType', 'NO', 0, NULL, 'NO', 'YES', '', NULL, NULL, NULL, NULL, NULL, NULL, NULL),(561, 5, 'url', '链接地址', NULL, 'long-string', NULL, 'NO', 0, NULL, 'NO', 'NO', 'NO', NULL, NULL, NULL, NULL, NULL, NULL, NULL),(562, 5, 'seq', '序号', NULL, 'int', NULL, 'NO', 0, NULL, 'NO', 'YES', 'NO', NULL, NULL, NULL, NULL, NULL, NULL, NULL),(563, 5, 'icon', '图标', NULL, 'string', NULL, 'NO', 0, NULL, 'NO', 'NO', 'NO', NULL, NULL, NULL, NULL, NULL, NULL, NULL),(564, 5, 'whetherButton', '是否按钮', NULL, 'dic', 'whether', 'NO', 0, 'NO', 'NO', 'YES', 'NO', '', NULL, NULL, NULL, NULL, NULL, NULL),(565, 22, 'id', '主键', NULL, 'long', NULL, 'YES', 0, NULL, NULL, 'NO', 'NO', NULL, NULL, NULL, NULL, NULL, NULL, NULL),(566, 22, 'deptId', '部门id', NULL, 'long', NULL, 'YES', 0, NULL, NULL, 'NO', 'NO', NULL, NULL, NULL, NULL, NULL, NULL, NULL),(567, 22, 'enterpriseUserId', '人员', NULL, 'selector', 'enterpriseUser', 'NO', 0, NULL, 'YES', 'NO', 'NO', 'selector-pop', NULL, NULL, NULL, NULL, NULL, NULL),(927, 35, 'id', '主键', NULL, 'long', NULL, 'YES', 0, NULL, NULL, 'NO', 'NO', NULL, NULL, NULL, NULL, NULL, NULL, NULL),(928, 35, 'menuId', '菜单id', NULL, 'long', NULL, 'YES', 0, NULL, NULL, 'NO', 'NO', NULL, NULL, NULL, NULL, NULL, NULL, NULL),(929, 35, 'name', '名称', NULL, 'string', NULL, 'NO', 0, NULL, NULL, 'NO', NULL, NULL, NULL, NULL, NULL, NULL, NULL, NULL),(930, 35, 'url', 'url', NULL, 'long-string', NULL, 'NO', 0, NULL, NULL, 'YES', 'NO', 'textarea', NULL, NULL, NULL, NULL, NULL, NULL),(931, 36, 'id', '主键', NULL, 'long', NULL, 'YES', 0, NULL, NULL, 'NO', 'NO', NULL, NULL, NULL, NULL, NULL, NULL, NULL),(932, 36, 'menuId', '菜单id', NULL, 'selector', 'menu', 'NO', 0, NULL, NULL, 'NO', 'NO', NULL, NULL, NULL, NULL, NULL, NULL, NULL),(933, 36, 'name', '名称', NULL, 'string', NULL, 'NO', 0, NULL, NULL, 'YES', NULL, NULL, NULL, NULL, NULL, NULL, NULL, NULL),(934, 36, 'url', 'url', NULL, 'long-string', NULL, 'NO', 0, NULL, NULL, 'YES', 'NO', 'textarea', NULL, NULL, NULL, NULL, NULL, NULL),(1218, 10, 'avatar', '头像', NULL, 'string', NULL, 'NO', 0, NULL, 'NO', 'NO', 'NO', 'input-image', NULL, NULL, NULL, NULL, NULL, NULL),(1219, 10, 'id', '主键', NULL, 'long', NULL, 'YES', 0, NULL, NULL, 'NO', NULL, NULL, NULL, NULL, NULL, NULL, NULL, NULL),(1220, 10, 'userCode', '员工号', NULL, 'string', NULL, 'NO', 0, NULL, NULL, 'YES', NULL, NULL, NULL, NULL, NULL, 'minLength:5,maxLength:10', NULL, NULL),(1221, 10, 'name', '姓名', NULL, 'string', NULL, 'NO', 0, NULL, NULL, 'YES', NULL, NULL, NULL, NULL, NULL, NULL, NULL, NULL),(1222, 10, 'mobile', '手机号', NULL, 'string', NULL, 'NO', 0, NULL, NULL, 'NO', NULL, NULL, NULL, NULL, NULL, NULL, NULL, NULL),(1223, 10, 'userType', '用户类型', NULL, 'dic', 'userType', 'NO', 0, NULL, NULL, 'YES', NULL, NULL, NULL, NULL, NULL, NULL, NULL, NULL),(1224, 10, 'userStatus', '用户状态', NULL, 'dic', 'userStatus', 'NO', 0, NULL, NULL, 'YES', NULL, NULL, NULL, NULL, NULL, NULL, NULL, NULL),(1225, 10, 'otherFiles', '附件列表', NULL, 'string', NULL, 'NO', 0, NULL, 'YES', 'NO', 'NO', 'input-file', NULL, NULL, NULL, NULL, NULL, NULL),(1345, 6, 'id', '主键', NULL, 'long', NULL, 'YES', 1, NULL, 'NO', 'NO', '', NULL, NULL, NULL, NULL, NULL, NULL, NULL),(1346, 6, 'dicCode', '字典编号', NULL, 'string', NULL, 'NO', 2, NULL, 'NO', 'NO', '', NULL, NULL, NULL, NULL, NULL, NULL, NULL),(1347, 6, 'dicName', '字典名称', NULL, 'string', NULL, 'NO', 3, NULL, 'NO', 'NO', '', NULL, NULL, NULL, NULL, NULL, NULL, NULL),(1378, 18, 'id', '主键', NULL, 'long', NULL, 'YES', 1, NULL, NULL, 'NO', 'NO', NULL, NULL, NULL, NULL, NULL, NULL, NULL),(1379, 18, 'parentId', '父部门', NULL, 'selector', 'dept', 'NO', 2, NULL, NULL, 'NO', 'NO', NULL, NULL, NULL, NULL, NULL, NULL, '测试测试<br/>abc测试'),(1380, 18, 'code', '部门编号', NULL, 'string', NULL, 'NO', 3, NULL, NULL, 'YES', 'NO', NULL, NULL, NULL, NULL, NULL, NULL, NULL),(1381, 18, 'name', '部门名称', NULL, 'string', NULL, 'NO', 4, NULL, NULL, 'YES', 'NO', NULL, NULL, NULL, NULL, NULL, NULL, NULL),(1382, 18, 'deptType', '部门类型', NULL, 'dic', 'deptType', 'NO', 5, '1', NULL, 'YES', 'NO', NULL, NULL, NULL, NULL, NULL, NULL, NULL),(1418, 49, 'javaCode', 'java代码', NULL, 'string', 'java', 'NO', 1, NULL, 'NO', 'NO', '', 'editor', NULL, NULL, NULL, NULL, NULL, NULL),(1446, 2, 'id', '主键', NULL, 'long', NULL, 'YES', 1, NULL, 'NO', 'NO', '', NULL, NULL, NULL, NULL, NULL, NULL, NULL),(1447, 2, 'dicCode', '字典编号', NULL, 'string', NULL, 'NO', 2, NULL, 'NO', 'YES', '', NULL, NULL, NULL, NULL, NULL, NULL, NULL),(1448, 2, 'dicName', '字典名称', NULL, 'string', NULL, 'NO', 3, NULL, 'NO', 'YES', '', NULL, NULL, NULL, NULL, NULL, NULL, NULL),(1449, 2, 'dicItem', '字典明细', 12, 'string', 'dicItemForm,parentId', 'NO', 4, NULL, 'NO', 'NO', NULL, 'input-table', NULL, NULL, NULL, NULL, NULL, NULL);
UNLOCK TABLES;
COMMIT;
BEGIN;
LOCK TABLES `form_ref` WRITE;
DELETE FROM `form_ref`;
INSERT INTO `form_ref` (`id`,`form_id`,`ref_page_code`,`ref_field`,`seq`) VALUES (9, 12, 'enterpriseManager', 'enterpriseId=${id}', NULL),(12, 19, 'enterpriseUserPosition', 'enterpriseUserId=${id}', NULL),(25, 6, 'dic_item_read_only', 'parentId=${id}', 1),(32, 18, 'deptManager', 'deptId=${id}', 1);
UNLOCK TABLES;
COMMIT;
BEGIN;
LOCK TABLES `magic_api_file` WRITE;
DELETE FROM `magic_api_file`;
INSERT INTO `magic_api_file` (`file_path`,`file_content`) VALUES ('magic-api/api/', 'this is directory'),('magic-api/api/CRM客户/', 'this is directory'),('magic-api/api/CRM客户/group.json', '{\r\n  \"properties\" : { },\r\n  \"id\" : \"bb3b472ffce04ce1b953ed788882bf45\",\r\n  \"name\" : \"CRM客户\",\r\n  \"type\" : \"1\",\r\n  \"parentId\" : \"0\",\r\n  \"path\" : \"/crm\",\r\n  \"paths\" : [ ],\r\n  \"options\" : [ ]\r\n}'),('magic-api/api/CRM客户/检查客户.ms', '{\r\n  \"properties\" : { },\r\n  \"id\" : \"8d3422e4657046c590608d3b7cbf0e41\",\r\n  \"script\" : null,\r\n  \"groupId\" : \"bb3b472ffce04ce1b953ed788882bf45\",\r\n  \"name\" : \"检查客户\",\r\n  \"createTime\" : null,\r\n  \"updateTime\" : 1645435491262,\r\n  \"lock\" : \"0\",\r\n  \"method\" : \"POST\",\r\n  \"path\" : \"/checkCustomer\",\r\n  \"parameters\" : [ ],\r\n  \"option\" : \"[]\",\r\n  \"requestBody\" : \"{\\r\\n\\t\\r\\n}\",\r\n  \"headers\" : [ ],\r\n  \"paths\" : [ ],\r\n  \"responseBody\" : \"{\\n    \\\"code\\\": -1,\\n    \\\"message\\\": \\\"系统内部出现错误\\\",\\n    \\\"data\\\": null,\\n    \\\"timestamp\\\": 1645432753097,\\n    \\\"executeTime\\\": 39\\n}\",\r\n  \"description\" : null,\r\n  \"requestBodyDefinition\" : null,\r\n  \"responseBodyDefinition\" : {\r\n    \"name\" : \"\",\r\n    \"value\" : \"\",\r\n    \"description\" : \"\",\r\n    \"required\" : false,\r\n    \"dataType\" : \"Object\",\r\n    \"type\" : null,\r\n    \"defaultValue\" : null,\r\n    \"validateType\" : \"\",\r\n    \"error\" : \"\",\r\n    \"expression\" : \"\",\r\n    \"children\" : [ {\r\n      \"name\" : \"code\",\r\n      \"value\" : \"-1\",\r\n      \"description\" : \"\",\r\n      \"required\" : false,\r\n      \"dataType\" : \"Integer\",\r\n      \"type\" : null,\r\n      \"defaultValue\" : null,\r\n      \"validateType\" : \"\",\r\n      \"error\" : \"\",\r\n      \"expression\" : \"\",\r\n      \"children\" : [ ]\r\n    }, {\r\n      \"name\" : \"message\",\r\n      \"value\" : \"系统内部出现错误\",\r\n      \"description\" : \"\",\r\n      \"required\" : false,\r\n      \"dataType\" : \"String\",\r\n      \"type\" : null,\r\n      \"defaultValue\" : null,\r\n      \"validateType\" : \"\",\r\n      \"error\" : \"\",\r\n      \"expression\" : \"\",\r\n      \"children\" : [ ]\r\n    }, {\r\n      \"name\" : \"data\",\r\n      \"value\" : \"null\",\r\n      \"description\" : \"\",\r\n      \"required\" : false,\r\n      \"dataType\" : \"Object\",\r\n      \"type\" : null,\r\n      \"defaultValue\" : null,\r\n      \"validateType\" : \"\",\r\n      \"error\" : \"\",\r\n      \"expression\" : \"\",\r\n      \"children\" : [ ]\r\n    }, {\r\n      \"name\" : \"timestamp\",\r\n      \"value\" : \"1645432753097\",\r\n      \"description\" : \"\",\r\n      \"required\" : false,\r\n      \"dataType\" : \"Long\",\r\n      \"type\" : null,\r\n      \"defaultValue\" : null,\r\n      \"validateType\" : \"\",\r\n      \"error\" : \"\",\r\n      \"expression\" : \"\",\r\n      \"children\" : [ ]\r\n    }, {\r\n      \"name\" : \"executeTime\",\r\n      \"value\" : \"39\",\r\n      \"description\" : \"\",\r\n      \"required\" : false,\r\n      \"dataType\" : \"Integer\",\r\n      \"type\" : null,\r\n      \"defaultValue\" : null,\r\n      \"validateType\" : \"\",\r\n      \"error\" : \"\",\r\n      \"expression\" : \"\",\r\n      \"children\" : [ ]\r\n    } ]\r\n  },\r\n  \"optionMap\" : { }\r\n}\r\n================================\r\nreturn null;'),('magic-api/api/定时任务/', 'this is directory'),('magic-api/api/定时任务/group.json', '{\r\n  \"properties\" : { },\r\n  \"id\" : \"d0fe7c6e314c4572aeae38b7cea6ea50\",\r\n  \"name\" : \"定时任务\",\r\n  \"type\" : \"1\",\r\n  \"parentId\" : \"0\",\r\n  \"path\" : \"/timerTask\",\r\n  \"paths\" : [ ],\r\n  \"options\" : [ ]\r\n}'),('magic-api/api/定时任务/更新定时任务.ms', '{\r\n  \"properties\" : { },\r\n  \"id\" : \"34da7f2ba4ec41dba7acd0533018d3e7\",\r\n  \"script\" : null,\r\n  \"groupId\" : \"d0fe7c6e314c4572aeae38b7cea6ea50\",\r\n  \"name\" : \"更新定时任务\",\r\n  \"createTime\" : 1645515608643,\r\n  \"updateTime\" : 1645515608643,\r\n  \"lock\" : \"0\",\r\n  \"method\" : \"POST\",\r\n  \"path\" : \"/updateTimerTask\",\r\n  \"parameters\" : [ ],\r\n  \"option\" : \"[]\",\r\n  \"requestBody\" : \"{\\r\\n\\t\\r\\n}\",\r\n  \"headers\" : [ ],\r\n  \"paths\" : [ ],\r\n  \"responseBody\" : null,\r\n  \"description\" : null,\r\n  \"requestBodyDefinition\" : null,\r\n  \"responseBodyDefinition\" : null,\r\n  \"optionMap\" : { }\r\n}\r\n================================\r\nimport \"timerTaskService\" as timerTaskService;\r\n\r\ntimerTaskService.updateTask(obj.id);\r\n\r\nreturn null;'),('magic-api/api/定时任务/测试定时任务.ms', '{\r\n  \"properties\" : { },\r\n  \"id\" : \"a713840db7eb46c99fa91897fe849dec\",\r\n  \"script\" : null,\r\n  \"groupId\" : \"d0fe7c6e314c4572aeae38b7cea6ea50\",\r\n  \"name\" : \"测试定时任务\",\r\n  \"createTime\" : null,\r\n  \"updateTime\" : 1645517086688,\r\n  \"lock\" : \"0\",\r\n  \"method\" : \"POST\",\r\n  \"path\" : \"/testTimerTask\",\r\n  \"parameters\" : [ ],\r\n  \"option\" : \"[]\",\r\n  \"requestBody\" : \"{\\n\\n}\",\r\n  \"headers\" : [ ],\r\n  \"paths\" : [ ],\r\n  \"responseBody\" : null,\r\n  \"description\" : null,\r\n  \"requestBodyDefinition\" : null,\r\n  \"responseBodyDefinition\" : null,\r\n  \"optionMap\" : { }\r\n}\r\n================================\r\nlog.info(\"测试一下定时任务{}\",name);\r\nreturn null;'),('magic-api/api/数据监听/', 'this is directory'),('magic-api/api/数据监听/group.json', '{\r\n  \"properties\" : { },\r\n  \"id\" : \"6902f75ca803454b8dc5652977e0c29b\",\r\n  \"name\" : \"数据监听\",\r\n  \"type\" : \"api\",\r\n  \"parentId\" : \"0\",\r\n  \"path\" : \"/customer\",\r\n  \"createTime\" : 1651203104708,\r\n  \"updateTime\" : null,\r\n  \"createBy\" : null,\r\n  \"updateBy\" : null,\r\n  \"paths\" : [ ],\r\n  \"options\" : [ ]\r\n}'),('magic-api/api/数据监听/删除.ms', '{\r\n  \"properties\" : { },\r\n  \"id\" : \"copy1651203326990d31221\",\r\n  \"script\" : null,\r\n  \"groupId\" : \"6902f75ca803454b8dc5652977e0c29b\",\r\n  \"name\" : \"删除\",\r\n  \"createTime\" : null,\r\n  \"updateTime\" : 1651203352634,\r\n  \"lock\" : null,\r\n  \"createBy\" : null,\r\n  \"updateBy\" : null,\r\n  \"path\" : \"/deleteCustomer\",\r\n  \"method\" : \"POST\",\r\n  \"parameters\" : [ ],\r\n  \"options\" : [ ],\r\n  \"requestBody\" : \"\",\r\n  \"headers\" : [ ],\r\n  \"paths\" : [ ],\r\n  \"responseBody\" : null,\r\n  \"description\" : null,\r\n  \"requestBodyDefinition\" : null,\r\n  \"responseBodyDefinition\" : null\r\n}\r\n================================\r\nimport log\r\n\r\n//dataListenerService传入\r\nlog.info(\"删除客户监听,{}\",obj);\r\nreturn null'),('magic-api/api/数据监听/新增.ms', '{\r\n  \"properties\" : { },\r\n  \"id\" : \"aee1b78b4c8c4b71855163a398d8a43a\",\r\n  \"script\" : null,\r\n  \"groupId\" : \"6902f75ca803454b8dc5652977e0c29b\",\r\n  \"name\" : \"新增\",\r\n  \"createTime\" : null,\r\n  \"updateTime\" : 1651203303342,\r\n  \"lock\" : null,\r\n  \"createBy\" : null,\r\n  \"updateBy\" : null,\r\n  \"path\" : \"/newCustomer\",\r\n  \"method\" : \"POST\",\r\n  \"parameters\" : [ ],\r\n  \"options\" : [ ],\r\n  \"requestBody\" : \"\",\r\n  \"headers\" : [ ],\r\n  \"paths\" : [ ],\r\n  \"responseBody\" : null,\r\n  \"description\" : null,\r\n  \"requestBodyDefinition\" : null,\r\n  \"responseBodyDefinition\" : null\r\n}\r\n================================\r\nimport log\r\n\r\n// obj是dataListenerService传入\r\nlog.info(\"新增客户监听,{}\",obj);\r\nreturn null'),('magic-api/api/数据监听/更新.ms', '{\r\n  \"properties\" : { },\r\n  \"id\" : \"copy1651203271901d3662\",\r\n  \"script\" : null,\r\n  \"groupId\" : \"6902f75ca803454b8dc5652977e0c29b\",\r\n  \"name\" : \"更新\",\r\n  \"createTime\" : null,\r\n  \"updateTime\" : 1651203320438,\r\n  \"lock\" : null,\r\n  \"createBy\" : null,\r\n  \"updateBy\" : null,\r\n  \"path\" : \"/updateCustomer\",\r\n  \"method\" : \"POST\",\r\n  \"parameters\" : [ ],\r\n  \"options\" : [ ],\r\n  \"requestBody\" : \"\",\r\n  \"headers\" : [ ],\r\n  \"paths\" : [ ],\r\n  \"responseBody\" : null,\r\n  \"description\" : null,\r\n  \"requestBodyDefinition\" : null,\r\n  \"responseBodyDefinition\" : null\r\n}\r\n================================\r\nimport log\r\n\r\n//dataListenerService传入\r\nlog.info(\"更新客户监听,{},{}\",beforeObj,afterObj);\r\nreturn null'),('magic-api/api/数据监听/更新字段.ms', '{\r\n  \"properties\" : { },\r\n  \"id\" : \"copy1651203355401d32477\",\r\n  \"script\" : null,\r\n  \"groupId\" : \"6902f75ca803454b8dc5652977e0c29b\",\r\n  \"name\" : \"更新字段\",\r\n  \"createTime\" : null,\r\n  \"updateTime\" : 1651203427530,\r\n  \"lock\" : null,\r\n  \"createBy\" : null,\r\n  \"updateBy\" : null,\r\n  \"path\" : \"/updateCustomerStatus\",\r\n  \"method\" : \"POST\",\r\n  \"parameters\" : [ ],\r\n  \"options\" : [ ],\r\n  \"requestBody\" : \"\",\r\n  \"headers\" : [ ],\r\n  \"paths\" : [ ],\r\n  \"responseBody\" : null,\r\n  \"description\" : null,\r\n  \"requestBodyDefinition\" : null,\r\n  \"responseBodyDefinition\" : null\r\n}\r\n================================\r\nimport log\r\n\r\n//dataListenerService传入\r\nlog.info(\"更新客户状态监听,{}\",beforeObj,afterObj,beforeValue,afterValue);\r\nreturn null'),('magic-api/api/测试/', 'this is directory'),('magic-api/api/测试/group.json', '{\r\n  \"properties\" : { },\r\n  \"id\" : \"c730d97561294b5fbf9251faa9cd7912\",\r\n  \"name\" : \"测试\",\r\n  \"type\" : \"api\",\r\n  \"parentId\" : \"0\",\r\n  \"path\" : \"/test\",\r\n  \"createTime\" : 1650870091092,\r\n  \"updateTime\" : null,\r\n  \"createBy\" : null,\r\n  \"updateBy\" : null,\r\n  \"paths\" : [ ],\r\n  \"options\" : [ ]\r\n}'),('magic-api/api/测试/测试页面前置接口.ms', '{\r\n  \"properties\" : { },\r\n  \"id\" : \"b7efc9bb70984bdbb426b16f850c557c\",\r\n  \"script\" : null,\r\n  \"groupId\" : \"c730d97561294b5fbf9251faa9cd7912\",\r\n  \"name\" : \"测试页面前置接口\",\r\n  \"createTime\" : null,\r\n  \"updateTime\" : 1651040270737,\r\n  \"lock\" : null,\r\n  \"createBy\" : null,\r\n  \"updateBy\" : null,\r\n  \"path\" : \"/checkPage\",\r\n  \"method\" : \"POST\",\r\n  \"parameters\" : [ ],\r\n  \"options\" : [ ],\r\n  \"requestBody\" : \"\",\r\n  \"headers\" : [ ],\r\n  \"paths\" : [ ],\r\n  \"responseBody\" : \"{\\n    \\\"code\\\": 1,\\n    \\\"message\\\": \\\"success\\\",\\n    \\\"data\\\": \\\"前置接口校验页面不可用\\\",\\n    \\\"timestamp\\\": 1651040132983,\\n    \\\"executeTime\\\": 1\\n}\",\r\n  \"description\" : null,\r\n  \"requestBodyDefinition\" : null,\r\n  \"responseBodyDefinition\" : {\r\n    \"name\" : \"\",\r\n    \"value\" : \"\",\r\n    \"description\" : \"\",\r\n    \"required\" : false,\r\n    \"dataType\" : \"Object\",\r\n    \"type\" : null,\r\n    \"defaultValue\" : null,\r\n    \"validateType\" : \"\",\r\n    \"error\" : \"\",\r\n    \"expression\" : \"\",\r\n    \"children\" : [ {\r\n      \"name\" : \"code\",\r\n      \"value\" : \"1\",\r\n      \"description\" : \"\",\r\n      \"required\" : false,\r\n      \"dataType\" : \"Integer\",\r\n      \"type\" : null,\r\n      \"defaultValue\" : null,\r\n      \"validateType\" : \"\",\r\n      \"error\" : \"\",\r\n      \"expression\" : \"\",\r\n      \"children\" : [ ]\r\n    }, {\r\n      \"name\" : \"message\",\r\n      \"value\" : \"success\",\r\n      \"description\" : \"\",\r\n      \"required\" : false,\r\n      \"dataType\" : \"String\",\r\n      \"type\" : null,\r\n      \"defaultValue\" : null,\r\n      \"validateType\" : \"\",\r\n      \"error\" : \"\",\r\n      \"expression\" : \"\",\r\n      \"children\" : [ ]\r\n    }, {\r\n      \"name\" : \"data\",\r\n      \"value\" : \"前置接口校验页面不可用\",\r\n      \"description\" : \"\",\r\n      \"required\" : false,\r\n      \"dataType\" : \"String\",\r\n      \"type\" : null,\r\n      \"defaultValue\" : null,\r\n      \"validateType\" : \"\",\r\n      \"error\" : \"\",\r\n      \"expression\" : \"\",\r\n      \"children\" : [ ]\r\n    }, {\r\n      \"name\" : \"timestamp\",\r\n      \"value\" : \"1651040132983\",\r\n      \"description\" : \"\",\r\n      \"required\" : false,\r\n      \"dataType\" : \"Long\",\r\n      \"type\" : null,\r\n      \"defaultValue\" : null,\r\n      \"validateType\" : \"\",\r\n      \"error\" : \"\",\r\n      \"expression\" : \"\",\r\n      \"children\" : [ ]\r\n    }, {\r\n      \"name\" : \"executeTime\",\r\n      \"value\" : \"1\",\r\n      \"description\" : \"\",\r\n      \"required\" : false,\r\n      \"dataType\" : \"Integer\",\r\n      \"type\" : null,\r\n      \"defaultValue\" : null,\r\n      \"validateType\" : \"\",\r\n      \"error\" : \"\",\r\n      \"expression\" : \"\",\r\n      \"children\" : [ ]\r\n    } ]\r\n  }\r\n}\r\n================================\r\nimport log\r\nlog.info(\"1121{}\",\"abc\");\r\nreturn \'前置接口校验页面不可用\''),('magic-api/datasource/', 'this is directory'),('magic-api/function/', 'this is directory');
UNLOCK TABLES;
COMMIT;
BEGIN;
LOCK TABLES `menu_url` WRITE;
DELETE FROM `menu_url`;
INSERT INTO `menu_url` (`id`,`menu_id`,`url`,`name`) VALUES (32, NULL, '/options/*', '数据字典'),(211, NULL, '/admin/user/logout', '退出登录'),(212, NULL, '/admin/user/getUserSession', '当前用户session'),(213, NULL, '/', '后台'),(215, NULL, '/admin/favicon.ico', '网站图标'),(216, NULL, '/admin/download/**', '图片下载'),(217, NULL, '/admin/*.html', '后台页面'),(218, 88, '/tableInfo/dropForeignKey', '外键管理-删除'),(219, 9, '/admin/page/crudExport/foreignKey', '外键管理导出'),(220, 9, '/crud/foreignKey', '外键管理页面'),(221, 9, '/admin/page/crudQuery/foreignKey', '外键管理查询'),(222, 9, '/admin/page/js/foreignKey.js', '外键管理页面JS'),(223, 12, '/admin/page/crudQuery/menu', '菜单管理查询'),(224, 12, '/admin/page/js/menu.js', '菜单管理页面JS'),(225, 12, '/crud/menu', '菜单管理页面'),(226, 12, '/admin/page/crudExport/menu', '菜单管理导出'),(227, 83, '/admin/common/sysMenu/delete/*', '菜单管理-删除'),(228, 85, '/admin/common/sysMenuForm/get', '查询菜单表单'),(229, 85, '/admin/page/selector/menu', '菜单管理选择器'),(230, 85, '/admin/common/sysMenuForm/saveOrUpdate', '保存菜单表单'),(231, 84, '/admin/common/sysMenuForm/get', '查询菜单表单'),(232, 84, '/admin/page/selector/menu', '菜单管理选择器'),(233, 84, '/admin/common/sysMenuForm/saveOrUpdate', '保存菜单表单'),(234, 134, '/admin/page/js/menuUrl.js', '菜单url列表页面JS'),(235, 134, '/admin/page/crudExport/menuUrl', '菜单url列表导出'),(236, 134, '/crud/menuUrl', '菜单url列表页面'),(237, 134, '/admin/page/crudQuery/menuUrl', '菜单url列表查询'),(238, 86, '/admin/menu/initButtons/*', '菜单管理-初始化按钮'),(239, 136, '/admin/common/menuUrl/get', '查询菜单url表单'),(240, 136, '/admin/common/menuUrl/saveOrUpdate', '保存菜单url表单'),(241, 135, '/admin/common/menuUrl/get', '查询菜单url表单'),(242, 135, '/admin/common/menuUrl/saveOrUpdate', '保存菜单url表单'),(243, 137, '/admin/common/menuUrl/delete/*', '菜单url列表-删除'),(244, 78, '/admin/common/configForm/get', '查询系统配置'),(245, 78, '/admin/common/configForm/saveOrUpdate', '保存系统配置'),(246, 77, '/admin/common/configForm/get', '查询系统配置'),(247, 77, '/admin/common/configForm/saveOrUpdate', '保存系统配置'),(248, 79, '/admin/common/config/delete/*', '系统配置-删除'),(249, 15, '/admin/page/js/config.js', '系统配置页面JS'),(250, 15, '/admin/page/crudQuery/config', '系统配置查询'),(251, 15, '/admin/page/crudExport/config', '系统配置导出'),(252, 15, '/crud/config', '系统配置页面'),(253, 80, '/admin/common/serialNumber/saveOrUpdate', '保存序号表单'),(254, 80, '/admin/common/serialNumber/get', '查询序号表单'),(255, 18, '/crud/serialNumber', '序号列表页面'),(256, 18, '/admin/page/crudExport/serialNumber', '序号列表导出'),(257, 18, '/admin/page/crudQuery/serialNumber', '序号列表查询'),(258, 18, '/admin/page/js/serialNumber.js', '序号列表页面JS'),(259, 82, '/admin/common/serialNumber/delete/*', '序号列表-删除'),(260, 81, '/admin/common/serialNumber/saveOrUpdate', '保存序号表单'),(261, 81, '/admin/common/serialNumber/get', '查询序号表单'),(262, 95, '/admin/common/permission/saveOrUpdate', '保存权限表单'),(263, 95, '/admin/common/permission/get', '查询权限表单'),(264, 96, '/admin/common/permission/delete/*', '权限列表-删除'),(265, 94, '/admin/common/permission/saveOrUpdate', '保存权限表单'),(266, 94, '/admin/common/permission/get', '查询权限表单'),(267, 91, '/crud/permission', '权限列表页面'),(268, 91, '/admin/page/crudExport/permission', '权限列表导出'),(269, 91, '/admin/page/js/permission.js', '权限列表页面JS'),(270, 91, '/admin/page/crudQuery/permission', '权限列表查询'),(271, 106, '/admin/common/process/saveOrUpdate', '保存流程表单'),(272, 106, '/admin/common/process/get', '查询流程表单'),(273, 101, '/admin/page/crudExport/process', '流程列表导出'),(274, 101, '/admin/page/js/process.js', '流程列表页面JS'),(275, 101, '/crud/process', '流程列表页面'),(276, 101, '/admin/page/crudQuery/process', '流程列表查询'),(277, 109, '/crud/processNode', '流程节点列表页面'),(278, 109, '/admin/page/crudExport/processNode', '流程节点列表导出'),(279, 109, '/admin/page/crudQuery/processNode', '流程节点列表查询'),(280, 109, '/admin/page/js/processNode.js', '流程节点列表页面JS'),(281, 110, '/admin/common/processNode/get', '查询流程节点表单'),(282, 110, '/admin/common/processNode/saveOrUpdate', '保存流程节点表单'),(283, 107, '/admin/common/process/saveOrUpdate', '保存流程表单'),(284, 107, '/admin/common/process/get', '查询流程表单'),(285, 108, '/admin/common/process/delete/*', '流程列表-删除'),(286, 111, '/admin/common/processNode/get', '查询流程节点表单'),(287, 111, '/admin/common/processNode/saveOrUpdate', '保存流程节点表单'),(288, 112, '/admin/common/processNode/delete/*', '流程节点列表-删除'),(289, 115, '/admin/common/timerTask/delete/*', '定时任务列表-删除'),(290, 104, '/admin/page/crudExport/timerTask', '定时任务列表导出'),(291, 104, '/crud/timerTask', '定时任务列表页面'),(292, 104, '/admin/page/js/timerTask.js', '定时任务列表页面JS'),(293, 104, '/admin/page/crudQuery/timerTask', '定时任务列表查询'),(294, 116, '/admin/page/crudExport/timerTaskRecord', '定时任务记录导出'),(295, 116, '/admin/page/js/timerTaskRecord.js', '定时任务记录页面JS'),(296, 116, '/crud/timerTaskRecord', '定时任务记录页面'),(297, 116, '/admin/page/crudQuery/timerTaskRecord', '定时任务记录查询'),(298, 113, '/admin/common/timerTask/saveOrUpdate', '保存定时任务表单'),(299, 113, '/admin/common/timerTask/get', '查询定时任务表单'),(300, 114, '/admin/common/timerTask/saveOrUpdate', '保存定时任务表单'),(301, 114, '/admin/common/timerTask/get', '查询定时任务表单'),(302, 105, '/admin/page/js/dynamicTask.js', '动态任务列表页面JS'),(303, 105, '/admin/page/crudExport/dynamicTask', '动态任务列表导出'),(304, 105, '/admin/page/crudQuery/dynamicTask', '动态任务列表查询'),(305, 105, '/crud/dynamicTask', '动态任务列表页面'),(306, 133, '/crud/menuUrlAll', '全部url页面'),(307, 133, '/admin/page/js/menuUrlAll.js', '全部url页面JS'),(308, 133, '/admin/page/selector/menu', '菜单管理选择器'),(309, 133, '/admin/page/crudQuery/menuUrlAll', '全部url查询'),(310, 133, '/admin/page/crudExport/menuUrlAll', '全部url导出'),(311, 138, '/admin/common/menuUrlAll/saveOrUpdate', '保存全部url表单'),(312, 138, '/admin/common/menuUrlAll/get', '查询全部url表单'),(313, 138, '/admin/page/selector/menu', '菜单管理选择器'),(314, 139, '/admin/common/menuUrlAll/saveOrUpdate', '保存全部url表单'),(315, 139, '/admin/common/menuUrlAll/get', '查询全部url表单'),(316, 139, '/admin/page/selector/menu', '菜单管理选择器'),(317, 140, '/admin/common/menuUrl/delete/*', '全部url-删除'),(318, 17, '/admin/page/crudQuery/user', '用户列表查询'),(319, 17, '/crud/user', '用户列表页面'),(320, 17, '/admin/page/js/user.js', '用户列表页面JS'),(321, 17, '/admin/page/crudExport/user', '用户列表导出'),(322, 54, '/admin/common/user/delete/*', '用户列表-删除'),(323, 53, '/admin/common/user/get', '查询用户表单'),(324, 52, '/admin/common/user/get', '查询用户表单'),(325, 19, '/crud/enterprise', '企业列表页面'),(326, 19, '/admin/page/js/enterprise.js', '企业列表页面JS'),(327, 19, '/admin/page/crudQuery/enterprise', '企业列表查询'),(328, 19, '/admin/page/crudExport/enterprise', '企业列表导出'),(329, 60, '/admin/common/enterprise/delete/*', '企业列表-删除'),(330, 59, '/admin/common/enterpriseMenu/getRelationIds/enterpriseId/menuId/*', '保存企业菜单'),(331, 59, '/admin/page/selector/menu', '菜单管理选择器'),(332, 58, '/admin/common/enterprise/get', '查询企业表单'),(333, 58, '/admin/page/crudExport/enterpriseManager', '企业负责人列表导出'),(334, 58, '/admin/page/crudQuery/enterpriseManager', '企业负责人列表查询'),(335, 58, '/crud/enterpriseManager', '企业负责人列表页面'),(336, 58, '/admin/common/enterprise/saveOrUpdate', '保存企业表单'),(337, 58, '/admin/page/js/enterpriseManager.js', '企业负责人列表页面JS'),(338, 57, '/admin/common/enterpriseManager/delete/*', '企业负责人列表-删除'),(339, 56, '/admin/page/selector/user', '用户列表选择器'),(340, 56, '/admin/common/enterpriseManager/get', '查询企业负责人表单'),(341, 55, '/admin/common/enterprise/get', '查询企业表单'),(342, 55, '/admin/page/crudExport/enterpriseManager', '企业负责人列表导出'),(343, 55, '/admin/page/crudQuery/enterpriseManager', '企业负责人列表查询'),(344, 55, '/crud/enterpriseManager', '企业负责人列表页面'),(345, 55, '/admin/common/enterprise/saveOrUpdate', '保存企业表单'),(346, 55, '/admin/page/js/enterpriseManager.js', '企业负责人列表页面JS'),(347, 21, '/admin/page/crudExport/position', '岗位列表导出'),(348, 21, '/crud/position', '岗位列表页面'),(349, 21, '/admin/page/crudQuery/position', '岗位列表查询'),(350, 21, '/admin/page/js/position.js', '岗位列表页面JS'),(351, 141, '/admin/permission/form/*/position/*', '岗位数据权限-配置'),(352, 92, '/admin/page/crudQuery/positionPermission', '岗位数据权限查询'),(353, 92, '/admin/page/js/positionPermission.js', '岗位数据权限页面JS'),(354, 92, '/admin/page/crudExport/positionPermission', '岗位数据权限导出'),(355, 92, '/crud/positionPermission', '岗位数据权限页面'),(356, 64, '/admin/common/positionMenu/getRelationIdsForEnterprise/positionId/menuId/*', '保存岗位菜单'),(357, 64, '/admin/page/selector/enterpriseMenu', '企业菜单选择器'),(358, 63, '/admin/common/position/delete/*', '岗位列表-删除'),(359, 62, '/admin/common/position/get', '查询岗位表单'),(360, 62, '/admin/common/position/saveOrUpdate', '保存岗位表单'),(361, 61, '/admin/common/position/get', '查询岗位表单'),(362, 61, '/admin/common/position/saveOrUpdate', '保存岗位表单'),(363, 22, '/admin/page/crudExport/positionFixed', '固定岗位导出'),(364, 22, '/admin/page/crudQuery/positionFixed', '固定岗位查询'),(365, 22, '/admin/page/js/positionFixed.js', '固定岗位页面JS'),(366, 22, '/crud/positionFixed', '固定岗位页面'),(367, 67, '/admin/common/position/delete/*', '固定岗位-删除'),(368, 66, '/admin/common/positionFixed/saveOrUpdate', '保存固定岗位表单'),(369, 66, '/admin/common/positionFixed/get', '查询固定岗位表单'),(370, 65, '/admin/common/positionFixed/saveOrUpdate', '保存固定岗位表单'),(371, 65, '/admin/common/positionFixed/get', '查询固定岗位表单'),(372, 142, '/admin/permission/form/*/dept/*', '部门数据权限-配置'),(373, 93, '/crud/deptPermission', '部门数据权限页面'),(374, 93, '/admin/page/js/deptPermission.js', '部门数据权限页面JS'),(375, 93, '/admin/page/crudQuery/deptPermission', '部门数据权限查询'),(376, 93, '/admin/page/crudExport/deptPermission', '部门数据权限导出'),(377, 90, '/admin/common/deptManager/delete/*', '部门负责人-删除'),(378, 89, '/admin/common/deptManager/get', '查询部门负责人'),(379, 89, '/admin/page/selector/enterpriseUser', '企业用户选择器'),(380, 70, '/admin/common/dept/delete/*', '部门列表-删除'),(381, 69, '/crud/deptManager', '部门负责人页面'),(382, 69, '/admin/common/dept/saveOrUpdate', '保存部门表单'),(383, 69, '/admin/page/js/deptManager.js', '部门负责人页面JS'),(384, 69, '/admin/page/crudExport/deptManager', '部门负责人导出'),(385, 69, '/admin/page/crudQuery/deptManager', '部门负责人查询'),(386, 69, '/admin/common/dept/get', '查询部门表单'),(387, 69, '/admin/page/selector/dept', '部门列表选择器'),(388, 68, '/crud/deptManager', '部门负责人页面'),(389, 68, '/admin/common/dept/saveOrUpdate', '保存部门表单'),(390, 68, '/admin/page/js/deptManager.js', '部门负责人页面JS'),(391, 68, '/admin/page/crudExport/deptManager', '部门负责人导出'),(392, 68, '/admin/page/crudQuery/deptManager', '部门负责人查询'),(393, 68, '/admin/common/dept/get', '查询部门表单'),(394, 68, '/admin/page/selector/dept', '部门列表选择器'),(395, 24, '/admin/page/js/dept.js', '部门列表页面JS'),(396, 24, '/crud/dept', '部门列表页面'),(397, 24, '/admin/page/crudQuery/dept', '部门列表查询'),(398, 24, '/admin/page/crudExport/dept', '部门列表导出'),(399, 76, '/admin/common/otherEnterpriseUser/get', '查询添加其他企业用户'),(400, 76, '/admin/page/selector/otherEnterpriseUser', '其他企业用户选择器'),(401, 75, '/admin/common/enterpriseUser/delete/*', '企业用户-删除'),(402, 74, '/admin/page/js/enterpriseUserPosition.js', '用户岗位页面JS'),(403, 74, '/admin/common/enterpriseUser/get', '查询企业用户表单'),(404, 74, '/crud/enterpriseUserPosition', '用户岗位页面'),(405, 74, '/admin/page/crudExport/enterpriseUserPosition', '用户岗位导出'),(406, 74, '/admin/page/selector/dept', '部门列表选择器'),(407, 74, '/admin/page/crudQuery/enterpriseUserPosition', '用户岗位查询'),(408, 73, '/admin/common/enterpriseUserPosition/delete/*', '用户岗位-删除'),(409, 72, '/admin/page/selector/position', '岗位列表选择器'),(410, 72, '/admin/common/enterpriseUserPosition/get', '查询企业用户岗位表单'),(411, 71, '/admin/page/js/enterpriseUserPosition.js', '用户岗位页面JS'),(412, 71, '/admin/common/enterpriseUser/get', '查询企业用户表单'),(413, 71, '/crud/enterpriseUserPosition', '用户岗位页面'),(414, 71, '/admin/page/crudExport/enterpriseUserPosition', '用户岗位导出'),(415, 71, '/admin/page/selector/dept', '部门列表选择器'),(416, 71, '/admin/page/crudQuery/enterpriseUserPosition', '用户岗位查询'),(417, 25, '/crud/enterpriseUser', '企业用户页面'),(418, 25, '/admin/page/crudQuery/enterpriseUser', '企业用户查询'),(419, 25, '/admin/page/js/enterpriseUser.js', '企业用户页面JS'),(420, 25, '/admin/page/crudExport/enterpriseUser', '企业用户导出'),(421, 98, '/admin/page/crudQuery/customerSource', '客户来源列表查询'),(422, 98, '/admin/page/js/customerSource.js', '客户来源列表页面JS'),(423, 98, '/admin/page/crudExport/customerSource', '客户来源列表导出'),(424, 98, '/crud/customerSource', '客户来源列表页面'),(425, 117, '/admin/common/customerSource/saveOrUpdate', '保存客户来源表单'),(426, 117, '/admin/page/selector/customerSource', '客户来源列表选择器'),(427, 117, '/admin/common/customerSource/get', '查询客户来源表单'),(428, 119, '/admin/common/customerSource/delete/*', '客户来源列表-删除'),(429, 118, '/admin/common/customerSource/saveOrUpdate', '保存客户来源表单'),(430, 118, '/admin/page/selector/customerSource', '客户来源列表选择器'),(431, 118, '/admin/common/customerSource/get', '查询客户来源表单'),(432, 127, '/admin/process/customerAudit/managerAudit/pass/*', '客户主管审核表单-审核通过'),(433, 100, '/admin/page/crudQuery/customer', '客户列表查询'),(434, 100, '/crud/customer', '客户列表页面'),(435, 100, '/admin/page/js/customer.js', '客户列表页面JS'),(436, 100, '/admin/page/crudExport/customer', '客户列表导出'),(437, 128, '/admin/process/customerAudit/managerAudit/back/*', '客户主管审核表单-审核不通过'),(438, 123, '/admin/process/customerAudit/submit/pass/*', '客户列表-提交'),(439, 122, '/admin/common/customer/delete/*', '客户列表-删除'),(440, 125, '/admin/common/customerManagerAuditView/saveOrUpdate', '保存客户主管审核'),(441, 125, '/admin/common/customerManagerAuditView/get', '查询客户主管审核'),(442, 125, '/admin/page/selector/customerSource', '客户来源列表选择器'),(443, 124, '/admin/page/crudQuery/customerRecord', '客户审核记录查询'),(444, 124, '/admin/page/js/customerRecord.js', '客户审核记录页面JS'),(445, 124, '/admin/page/crudExport/customerRecord', '客户审核记录导出'),(446, 124, '/crud/customerRecord', '客户审核记录页面'),(447, 130, '/admin/process/customerAudit/financeAudit/pass/*', '客户财务审核表单-审核通过'),(448, 121, '/admin/common/customer/get', '查询客户表单'),(449, 121, '/admin/common/customer/saveOrUpdate', '保存客户表单'),(450, 121, '/admin/page/selector/customerSource', '客户来源列表选择器'),(451, 120, '/admin/common/customer/get', '查询客户表单'),(452, 120, '/admin/common/customer/saveOrUpdate', '保存客户表单'),(453, 120, '/admin/page/selector/customerSource', '客户来源列表选择器'),(454, 131, '/admin/process/customerAudit/financeAudit/back/*', '客户财务审核表单-审核不通过'),(458, 59, '/admin/page/options/menu', '菜单管理选择树'),(459, 64, '/admin/page/options/enterpriseMenu', '企业菜单选择树'),(460, 125, '/admin/page/options/customerSource', '客户来源列表选择树'),(461, 121, '/admin/page/options/customerSource', '客户来源列表选择树'),(462, 120, '/admin/page/options/customerSource', '客户来源列表选择树'),(463, 143, '/admin/page/crudQuery/logTable', '记录日志的表列表查询'),(464, 143, '/admin/page/js/logTable.js', '记录日志的表列表页面JS'),(465, 143, '/admin/page/crudExport/logTable', '记录日志的表列表导出'),(466, 143, '/crud/logTable', '记录日志的表列表页面'),(467, 144, '/admin/common/logTable/get', '查询记录日志的表表单'),(468, 144, '/admin/common/logTable/saveOrUpdate', '保存记录日志的表表单'),(469, 145, '/admin/common/logTable/get', '查询记录日志的表表单'),(470, 145, '/admin/common/logTable/saveOrUpdate', '保存记录日志的表表单'),(471, 146, '/admin/common/logTable/delete/*', '记录日志的表列表-删除'),(472, 147, '/admin/operationLog/js/customer/*.js', '客户列表-日志JS'),(473, 147, '/admin/operationLog/page/customer/*', '客户列表-日志页面'),(474, 147, '/admin/operationLog/data/customer/*', '客户列表-日志数据'),(475, NULL, '/admin/user/updatePwd', '修改密码'),(476, 148, '/admin/user/resetPwd/*', '用户列表-重置密码'),(477, 149, '/admin/user/resetPwd/*', '企业用户-重置密码'),(478, 151, '/admin/permission/form/*/user/*', '用户数据权限-配置'),(479, 150, '/crud/userPermission', '用户数据权限页面'),(480, 150, '/admin/page/crudQuery/userPermission', '用户数据权限查询'),(481, 150, '/admin/page/crudExport/userPermission', '用户数据权限导出'),(482, 150, '/admin/page/js/userPermission.js', '用户数据权限页面JS'),(483, 151, '/admin/permission/js/*/user/*.js', '用户数据权限-js'),(484, 151, '/admin/permission/save/*/user/*', '用户数据权限-保存'),(485, 142, '/admin/permission/js/*/dept/*.js', '部门数据权限-js'),(486, 142, '/admin/permission/save/*/dept/*', '部门数据权限-保存'),(487, 141, '/admin/permission/js/*/position/*.js', '岗位数据权限-js'),(488, 141, '/admin/permission/save/*/position/*', '岗位数据权限-保存'),(489, 8, '/tableInfo/queryTable', '数据库表-查询'),(490, 8, '/tableInfo/tableInfo', '数据库表-获取'),(491, 8, '/tableInfo/copyTableInfo', '数据库表-复制'),(492, 8, '/tableInfo/updateTable', '数据库表-更新'),(493, 8, '/tableInfo/dropTable', '数据库表-删除'),(494, 8, '/tableInfo/generateJavaCode', '数据库表-java代码'),(495, 8, '/tableInfo/oneTouch', '数据库表-一键生成'),(496, 8, '/page/static/sys/tableInfo', '数据库表-页面'),(497, 10, '/page/static/sys/page', '页面管理-页面'),(498, 10, '/admin/page/query', '页面管理-查询'),(499, 10, '/admin/page/copyPage', '页面管理-复制'),(500, 10, '/admin/page/get', '页面管理-获取'),(501, 10, '/admin/page/save', '页面管理-保存'),(502, 10, '/admin/page/resultFields', '页面管理-结果字段'),(503, 11, '/page/static/sys/form', '表单管理-页面'),(505, 11, '/admin/form/query', '表单管理-查询'),(506, 11, '/admin/form/get', '表单管理-获取'),(507, 11, '/admin/form/save', '表单管理-保存'),(508, 11, '/admin/form/copyForm', '表单管理-复制'),(509, 11, '/admin/form/formFields', '表单管理-刷新字段'),(510, NULL, '/admin/common/dicItemForm/get', '查询字典明细表单'),(511, NULL, '/admin/common/dicItemForm/saveOrUpdate', '保存字典明细表单'),(512, NULL, '/admin/common/dicItem/delete/*', '字典明细-删除'),(513, 13, '/oneToMany/dic/dic_item', '字典页面'),(514, 13, '/crud/dic_item', '字典明细页面'),(515, 13, '/admin/page/crudQuery/dic_item', '字典明细查询'),(516, 13, '/admin/page/crudExport/dic', '字典导出'),(517, 13, '/admin/page/crudExport/dic_item', '字典明细导出'),(518, 13, '/admin/page/js/dic.js', '字典页面JS'),(519, 13, '/admin/page/js/dic_item.js', '字典明细页面JS'),(520, 13, '/admin/page/crudQuery/dic', '字典查询'),(521, 153, '/admin/common/dicItemForm/get', '查询字典明细表单'),(522, 153, '/admin/common/dicItemForm/saveOrUpdate', '保存字典明细表单'),(523, 152, '/crud/dic_item', '字典明细页面'),(524, 152, '/admin/page/crudQuery/dic_item', '字典明细查询'),(525, 152, '/admin/page/crudExport/dic_item', '字典明细导出'),(526, 152, '/admin/common/dicForm/get', '查询数据字典'),(527, 152, '/admin/common/dicForm/saveOrUpdate', '保存数据字典'),(528, 152, '/admin/page/js/dic_item.js', '字典明细页面JS'),(529, 155, '/admin/common/dicItem/delete/*', '字典明细-删除'),(530, 154, '/admin/common/dicItemForm/get', '查询字典明细表单'),(531, 154, '/admin/common/dicItemForm/saveOrUpdate', '保存字典明细表单'),(532, 157, '/admin/common/dic/delete/*', '字典-删除'),(533, 156, '/crud/dic_item', '字典明细页面'),(534, 156, '/admin/page/crudQuery/dic_item', '字典明细查询'),(535, 156, '/admin/page/crudExport/dic_item', '字典明细导出'),(536, 156, '/admin/common/dicForm/get', '查询数据字典'),(537, 156, '/admin/common/dicForm/saveOrUpdate', '保存数据字典'),(538, 156, '/admin/page/js/dic_item.js', '字典明细页面JS'),(539, 158, '/crud/dic_item_read_only', '字典明细-查看页面'),(540, 158, '/admin/page/js/dic_item_read_only.js', '字典明细-查看页面JS'),(541, 158, '/admin/common/dicFormView/get', '查询数据字典查看'),(542, 158, '/admin/common/dicFormView/saveOrUpdate', '保存数据字典查看'),(543, 158, '/admin/page/crudQuery/dic_item_read_only', '字典明细-查看查询'),(544, 158, '/admin/page/crudExport/dic_item_read_only', '字典明细-查看导出'),(545, 25, '/admin/page/js/enterpriseUserPosition.js', '用户岗位页面JS'),(546, 25, '/crud/enterpriseUserPosition', '用户岗位页面'),(547, 25, '/admin/page/crudExport/enterpriseUserPosition', '用户岗位导出'),(548, 25, '/admin/page/crudQuery/enterpriseUserPosition', '用户岗位查询'),(549, 159, '/admin/page/crudExport/optionLog', '操作日志导出'),(550, 159, '/admin/page/crudQuery/optionLog', '操作日志查询'),(551, 159, '/admin/page/js/optionLog.js', '操作日志页面JS'),(552, 159, '/crud/optionLog', '操作日志页面'),(553, 160, '/admin/operationLog/js/*/*.js', '操作日志-日志JS'),(554, 160, '/admin/operationLog/data/*/*', '操作日志-日志数据'),(555, 160, '/admin/operationLog/page/*/*', '操作日志-日志页面');
UNLOCK TABLES;
COMMIT;
BEGIN;
LOCK TABLES `page` WRITE;
DELETE FROM `page`;
INSERT INTO `page` (`id`,`code`,`query_sql`,`page_type`,`order_by`,`js`,`name`,`label_field`,`value_field`,`width`,`before_api`,`open_page`) VALUES (2, 'menu', 'select * from sys_menu', 'tree', 'order by seq asc', '', '菜单管理', 'menuName', 'id', NULL, '', NULL),(3, 'dic', 'select * from dic', 'list', NULL, '', '字典', NULL, NULL, 6, NULL, NULL),(4, 'dic_item', 'select * from dic_item', 'list', 'order by seq asc', '', '字典明细', NULL, NULL, NULL, NULL, 'NO'),(7, 'form', 'select * from form ', 'list', NULL, '', '表单管理', NULL, NULL, NULL, NULL, NULL),(8, 'foreignKey', 'select\r\ns.CONSTRAINT_NAME,\r\ns.TABLE_NAME,\r\nt.TABLE_COMMENT,\r\ns.COLUMN_NAME,\r\ntc.COLUMN_COMMENT,\r\ns.ORDINAL_POSITION,\r\ns.REFERENCED_TABLE_NAME,\r\nr.TABLE_COMMENT REFERENCED_TABLE_COMMENT,\r\ns.REFERENCED_COLUMN_NAME,\r\nrc.COLUMN_COMMENT REFERENCED_COLUMN_COMMENT\r\nfrom INFORMATION_SCHEMA.KEY_COLUMN_USAGE s\r\nleft join information_schema.`TABLES` t on t.TABLE_NAME = s.TABLE_NAME and t.TABLE_SCHEMA = s.TABLE_SCHEMA\r\nleft join information_schema.`COLUMNS` tc on tc.TABLE_NAME = s.TABLE_NAME and tc.TABLE_SCHEMA = s.TABLE_SCHEMA and tc.COLUMN_NAME = s.COLUMN_NAME\r\nleft join information_schema.`TABLES` r on r.TABLE_NAME = s.REFERENCED_TABLE_NAME and r.TABLE_SCHEMA = s.TABLE_SCHEMA\r\nleft join information_schema.`COLUMNS` rc on rc.TABLE_NAME = s.REFERENCED_TABLE_NAME and rc.TABLE_SCHEMA = s.TABLE_SCHEMA and rc.COLUMN_NAME = s.REFERENCED_COLUMN_NAME\r\nwhere s.table_schema =\'jqp\'\r\nand s.REFERENCED_COLUMN_NAME is not null', 'list', NULL, '', '外键管理', NULL, NULL, NULL, NULL, NULL),(9, 'dic_item_read_only', 'select * from dic_item', 'list', NULL, '', '字典明细-查看', NULL, NULL, NULL, NULL, NULL),(10, 'config', 'select * from config', 'list', NULL, '', '系统配置', NULL, NULL, NULL, NULL, NULL),(12, 'user', '-- 查询用户\nselect\n	u.id, -- 主键\n	u.user_code, -- 用户编号\n	u.name, -- 姓名\n	u.mobile, -- 手机号\n	u.create_time, -- 创建时间\n	u.update_time, -- 更新时间\n	u.avatar, -- 头像\n	u.user_type, -- 用户类型\n	u.user_status, -- 用户状态\n	u.other_files -- 附件列表\nfrom user u', 'list', ' order by id desc ', '', '用户列表', 'name', 'id', NULL, NULL, NULL),(14, 'enterprise', '-- 查询企业\nselect\n	id, -- 主键\n	e.code, -- 编号\n	e.name, -- 名称\n	e.logo, -- logo\n	e.address -- 地址\nfrom enterprise e', 'list', ' order by id desc ', '', '企业列表', NULL, NULL, NULL, NULL, NULL),(15, 'enterpriseManager', '-- 查询企业负责人\nselect\n	em.id, -- 主键\n	em.enterprise_id, -- 企业id\n	em.user_id, -- 人员id\n	u.name -- 人员姓名\nfrom enterprise_manager em\nleft join user u on u.id = em.user_id', 'list', ' order by id desc ', '', '企业负责人列表', NULL, NULL, NULL, NULL, NULL),(16, 'position', '-- 查询岗位\nselect\n	id, -- 主键\n	p.code, -- 岗位编号\n	p.name, -- 岗位名称\n	p.position_type, -- 岗位类型\n	p.enterprise_id -- 企业id\nfrom position p\nwhere (\n	-- 自定义岗位或者固定岗位\n	(p.enterprise_id = ${enterpriseId} and p.position_type = 2) \n	or p.position_type = 1\n)', 'list', ' order by id desc ', '', '岗位列表', 'name', 'id', NULL, NULL, NULL),(17, 'positionFixed', '-- 查询岗位\nselect\n	id, -- 主键\n	p.code, -- 岗位编号\n	p.name, -- 岗位名称\n	p.position_type, -- 岗位类型\n	p.enterprise_id -- 企业id\nfrom position p\nwhere (\n	-- 固定岗位\n	p.position_type = 1\n)', 'list', 'order by id desc', '', '固定岗位', NULL, NULL, NULL, NULL, NULL),(18, 'enterpriseMenu', 'select * from sys_menu\r\nwhere id in (\r\n    $service.findAllParent(\'select menu_id from enterprise_menu where enterprise_id = $enterpriseId\',\'sys_menu\')\r\n)', 'tree', 'order by seq asc', '', '企业菜单', 'menuName', 'id', NULL, NULL, NULL),(19, 'enterpriseUser', '-- 查询用户\nselect\n	eu.id, -- 主键\n	eu.user_id ,-- 用户id\n	u.user_code, -- 用户编号\n	u.name, -- 姓名\n	dept.name dept_name, -- 部门名称\n	u.mobile, -- 手机号\n	u.create_time, -- 创建时间\n	u.update_time, -- 更新时间\n	u.avatar, -- 头像\n	u.user_type, -- 用户类型\n	u.user_status, -- 用户状态\n	u.other_files -- 附件列表\nfrom enterprise_user eu\nleft join user u on eu.user_id = u.id\nleft join dept on dept.id = eu.dept_id\nwhere eu.enterprise_id = $enterpriseId', 'list', ' order by id desc ', '', '企业用户', 'name', 'id', 6, NULL, NULL),(20, 'dept', '-- 查询部门\nselect\n	id, -- 主键\n	d.code, -- 部门编号\n	d.name, -- 部门名称\n	d.parent_id, -- 父部门id\n	d.dept_type -- 部门类型\nfrom dept d\nwhere d.enterprise_id = $enterpriseId', 'tree', 'order by code asc', '', '部门列表', 'name', 'id', NULL, NULL, 'NO'),(21, 'enterpriseUserPosition', '-- 查询企业用户岗位\nselect\n	eup.id, -- 主键\n	eup.enterprise_user_id, -- 企业用户id\n	p.name, -- 岗位名称\n	p.code -- 岗位编号\nfrom enterprise_user_position eup\nleft join position p on p.id = eup.position_id', 'list', ' order by id desc ', '', '用户岗位', NULL, NULL, NULL, NULL, NULL),(22, 'otherEnterpriseUser', '-- 查询用户\nselect\n	u.id, -- 主键\n	u.user_code, -- 用户编号\n	u.name, -- 姓名\n	u.mobile, -- 手机号\n	u.create_time, -- 创建时间\n	u.update_time, -- 更新时间\n	u.avatar, -- 头像\n	u.user_status, -- 用户状态\n	u.other_files -- 附件列表\nfrom user u\nwhere u.user_type = \'common\' \nand not exists (\n	select id from enterprise_user eu where eu.user_id = u.id and eu.enterprise_id = $enterpriseId\n)', 'list', ' order by id desc ', '', '其他企业用户', 'name', 'id', NULL, NULL, NULL),(23, 'currentUserMenu', 'select m.* from sys_menu m\r\nleft join user u on u.id = $userId\r\nleft join enterprise_manager emu on emu.user_id = $userId and emu.enterprise_id = $enterpriseId \r\nwhere \r\n-- 后台菜单\r\nm.menu_type = 1 \r\n-- 不是按钮\r\nand m.whether_button = \'NO\'\r\nand\r\n(\r\n	(\r\n		(\r\n			u.user_type = \'admin\'\r\n			or emu.id is not null\r\n		)\r\n		and m.id in (\r\n            $service.findAllParent(\'\r\n			    select menu_id from enterprise_menu em where em.enterprise_id = $enterpriseId\r\n            \'\r\n            ,\'sys_menu\'\r\n            )\r\n		)\r\n	) or \r\n	(\r\n		u.user_type = \'common\'\r\n		and emu.id is null \r\n		and m.id in(\r\n            $service.findAllParent(\'\r\n			    select menu_id from position_menu \r\n                where enterprise_id = $enterpriseId  \r\n                and position_id in(\r\n                    select position_id from enterprise_user_position \r\n                    where enterprise_user_id in (\r\n                        select id from enterprise_user where enterprise_id = $enterpriseId  and user_id = $userId \r\n                    )\r\n                )\r\n            \'\r\n            ,\'sys_menu\'\r\n            )\r\n		)\r\n	)\r\n)\r\n', 'tree', 'order by seq asc', '', '当前用户菜单', 'menuName', 'id', NULL, NULL, NULL),(24, 'currentUserButton', 'select distinct m.menu_code from sys_menu m\r\nleft join user u on u.id = $userId\r\nleft join enterprise_manager emu on emu.user_id = $userId and emu.enterprise_id = $enterpriseId \r\nwhere \r\n-- 后台菜单\r\nm.menu_type = 1 \r\n-- 不是按钮\r\nand m.whether_button = \'YES\'\r\nand\r\n(\r\n	(\r\n		(\r\n			u.user_type = \'admin\'\r\n			or emu.id is not null\r\n		)\r\n		and m.id in (\r\n            $service.findAllParent(\'\r\n			    select menu_id from enterprise_menu em where em.enterprise_id = $enterpriseId\r\n            \'\r\n            ,\'sys_menu\'\r\n            )\r\n		)\r\n	) or \r\n	(\r\n		u.user_type = \'common\'\r\n		and emu.id is null \r\n		and m.id in(\r\n            $service.findAllParent(\'\r\n			    select menu_id from position_menu \r\n                where enterprise_id = $enterpriseId  \r\n                and position_id in(\r\n                    select position_id from enterprise_user_position \r\n                    where enterprise_user_id in (\r\n                        select id from enterprise_user where enterprise_id = $enterpriseId  and user_id = $userId \r\n                    )\r\n                )\r\n            \'\r\n            ,\'sys_menu\'\r\n            )\r\n		)\r\n	)\r\n)\r\n', 'list', '', '', '当前用户按钮', '', '', NULL, NULL, NULL),(25, 'deptManager', '-- 查询用户\nselect\n	dm.id, -- 主键\n	dm.dept_id, -- 部门id\n	u.user_code, -- 用户编号\n	u.name, -- 姓名\n	dept.name dept_name, -- 部门名称\n	u.mobile, -- 手机号\n	u.create_time, -- 创建时间\n	u.update_time, -- 更新时间\n	u.avatar, -- 头像\n	u.user_type, -- 用户类型\n	u.user_status, -- 用户状态\n	u.other_files -- 附件列表\nfrom dept_manager dm \nleft join enterprise_user eu on eu.id = dm.enterprise_user_id\nleft join user u on eu.user_id = u.id\nleft join dept on dept.id = eu.dept_id', 'list', ' order by id desc ', '', '部门负责人', '', '', NULL, NULL, 'NO'),(38, 'menuUrl', '-- 查询菜单url\nselect\n	id, -- 主键\n	mu.menu_id, -- 菜单id\n	mu.name, -- 名称\n	mu.url -- url\nfrom menu_url mu', 'list', ' order by id desc ', '', '菜单url列表', NULL, NULL, NULL, NULL, NULL),(39, 'menuUrlAll', '-- 查询菜单url\nselect\n	mu.id, -- 主键\n	mu.menu_id, -- 菜单id\n	m.menu_name, -- 菜单名称\n	mu.name, -- 名称\n	mu.url -- url\nfrom menu_url mu\nleft join sys_menu m on m.id = mu.menu_id', 'list', ' order by id desc ', '', '全部url', NULL, NULL, NULL, NULL, NULL),(40, 'currentUserUrl', 'select distinct url from  menu_url\r\n\r\nwhere \r\nmenu_id is null  \r\nor menu_id in (\r\n	select distinct m.id from sys_menu m\r\n	left join user u on u.id = $userId\r\n	left join enterprise_manager emu on emu.user_id = $userId and emu.enterprise_id = $enterpriseId \r\n	where \r\n	-- 后台菜单\r\n	m.menu_type = 1 \r\n	and\r\n	(\r\n		(\r\n			(\r\n				u.user_type = \'admin\'\r\n				or emu.id is not null\r\n			)\r\n			and m.id in (\r\n				$service.findAllParent(\'\r\n					select menu_id from enterprise_menu em where em.enterprise_id = $enterpriseId\r\n				\'\r\n				,\'sys_menu\'\r\n				)\r\n			)\r\n		) or \r\n		(\r\n			u.user_type = \'common\'\r\n			and emu.id is null \r\n			and m.id in(\r\n				$service.findAllParent(\'\r\n					select menu_id from position_menu \r\n					where enterprise_id = $enterpriseId  \r\n					and position_id in(\r\n						select position_id from enterprise_user_position \r\n						where enterprise_user_id in (\r\n							select id from enterprise_user where enterprise_id = $enterpriseId  and user_id = $userId \r\n						)\r\n					)\r\n				\'\r\n				,\'sys_menu\'\r\n				)\r\n			)\r\n		)\r\n	)\r\n)\r\n', 'list', '', '', '当前用户url', '', '', NULL, NULL, NULL),(49, 'enterpriseUserSelector', '-- 查询用户\nselect\n	u.id, -- 主键\n	u.user_code, -- 用户编号\n	u.name, -- 姓名\n	dept.name dept_name, -- 部门名称\n	u.mobile -- 手机号\nfrom enterprise_user eu\nleft join user u on eu.user_id = u.id\nleft join dept on dept.id = eu.dept_id\nwhere eu.enterprise_id = $enterpriseId', 'list', 'order by id desc', '', '企业用户选择器', 'name', 'id', NULL, NULL, NULL);
UNLOCK TABLES;
COMMIT;
BEGIN;
LOCK TABLES `page_button` WRITE;
DELETE FROM `page_button`;
INSERT INTO `page_button` (`id`,`page_id`,`label`,`button_location`,`option_type`,`option_value`,`level`,`confirm_text`,`seq`,`js_rule`,`code`) VALUES (32, 8, '新增', 'top', 'form', 'foreignKeyForm', 'primary', NULL, 1, NULL, '010201'),(33, 8, '删除', 'row', 'ajax', '/tableInfo/dropForeignKey?tableName=${tableName}&constraintName=${constraintName}', 'danger', NULL, 2, NULL, '010202'),(107, 10, '新增', 'top', 'form', 'configForm', 'primary', NULL, 1, NULL, '010801'),(108, 10, '编辑', 'row', 'form', 'configForm', 'primary', NULL, 2, NULL, '010802'),(109, 10, '删除', 'row', 'ajax', '/admin/common/config/delete/${id}', 'danger', NULL, 3, NULL, '010803'),(208, 15, '新增', 'top', 'form', 'enterpriseManager', 'primary', NULL, 1, 'enterpriseId==-1||enterpriseId==\'\'', '020202'),(209, 15, '删除', 'row', 'ajax', 'post:/admin/common/enterpriseManager/delete/${id}', 'danger', '确定删除企业负责人${name}吗?', 2, NULL, '020203'),(210, 14, '新增', 'top', 'form', 'enterprise', 'primary', NULL, 1, NULL, '020201'),(211, 14, '编辑', 'row', 'form', 'enterprise', 'primary', NULL, 2, NULL, '020204'),(212, 14, '企业菜单', 'row', 'form', 'enterpriseMenu', 'primary', NULL, 3, NULL, '020205'),(213, 14, '删除', 'row', 'ajax', 'post:/admin/common/enterprise/delete/${id}', 'danger', '确定删除企业${name}吗?', 4, NULL, '020206'),(226, 17, '新增', 'top', 'form', 'positionFixed', 'primary', NULL, 1, NULL, '020401'),(227, 17, '编辑', 'row', 'form', 'positionFixed', 'primary', NULL, 2, NULL, '020402'),(228, 17, '删除', 'row', 'ajax', 'post:/admin/common/position/delete/${id}', 'danger', '确定删除岗位${name}吗?', 3, NULL, '020403'),(268, 21, '新增', 'top', 'form', 'enterpriseUserPosition', 'primary', NULL, 1, 'enterpriseUserId==-1||enterpriseUserId==\'\'', '020702'),(269, 21, '删除', 'row', 'ajax', 'post:/admin/common/enterpriseUserPosition/delete/${id}', 'danger', '确定删除企业用户岗位${name}吗?', 2, NULL, '020703'),(476, 39, '新增', 'top', 'form', 'menuUrlAll', 'primary', NULL, 1, NULL, '011501'),(477, 39, '编辑', 'row', 'form', 'menuUrlAll', 'primary', NULL, 2, NULL, '011502'),(478, 39, '删除', 'row', 'ajax', 'post:/admin/common/menuUrl/delete/${id}', 'danger', '确定删除菜单url${url}吗?', 3, NULL, '011503'),(479, 38, '新增', 'top', 'form', 'menuUrl', 'primary', NULL, 1, NULL, '010506'),(480, 38, '编辑', 'row', 'form', 'menuUrl', 'primary', NULL, 2, NULL, '010507'),(481, 38, '删除', 'row', 'ajax', 'post:/admin/common/menuUrl/delete/${id}', 'danger', '确定删除菜单url${name}吗?', 3, NULL, '010508'),(501, 12, '新增', 'top', 'form', 'user', 'primary', NULL, 1, NULL, '020101'),(502, 12, '编辑', 'row', 'form', 'user', 'primary', NULL, 2, NULL, '020102'),(503, 12, '删除', 'row', 'ajax', 'post:/admin/common/user/delete/${id}', 'danger', '确定删除用户${name}吗?', 3, NULL, '020103'),(504, 12, '重置密码', 'row', 'ajax', '/admin/user/resetPwd/${id}', 'primary', NULL, 4, NULL, '020104'),(804, 4, '新建', 'top', 'form', 'dicItemForm', 'primary', NULL, 1, 'parentId==-1||parentId==\'\'', '010602'),(805, 4, '编辑', 'row', 'form', 'dicItemForm', 'default', NULL, 2, NULL, '010603'),(806, 4, '删除', 'row', 'ajax', 'post:/admin/common/dicItem/delete/${id}', 'danger', '确定删除字典明细${label}吗?', 3, NULL, '010604'),(811, 25, '新增', 'top', 'form', 'deptManager', 'primary', NULL, 1, 'deptId==\'\'||deptId==-1', '020604'),(812, 25, '删除', 'row', 'ajax', 'post:/admin/common/deptManager/delete/${id}', 'danger', '确定删除用户${name}吗?', 2, NULL, '020605'),(818, 2, '删除', 'row', 'ajax', '/admin/common/sysMenu/delete/${id}', 'danger', NULL, 1, NULL, '010501'),(819, 2, '新增', 'top', 'form', 'sysMenuForm', 'primary', NULL, 2, NULL, '010502'),(820, 2, '编辑', 'row', 'form', 'sysMenuForm', 'default', NULL, 3, NULL, '010503'),(821, 2, '初始化按钮', 'row', 'ajax', '/admin/menu/initButtons/${id}', 'primary', NULL, 4, 'whetherButton==\'YES\'||url==null||url==\'\'', '010504'),(822, 2, '菜单url', 'row', 'page', 'menuUrl,menuId', 'primary', NULL, 5, NULL, '010505'),(826, 3, '新建', 'top', 'form', 'dicForm', 'primary', NULL, 1, NULL, '010601'),(827, 3, '编辑', 'row', 'form', 'dicForm', 'default', NULL, 2, NULL, '010605'),(828, 3, '删除', 'row', 'ajax', 'post:/admin/common/dic/delete/${id}', 'danger', '确定删除字典${name}吗?', 3, NULL, '010606'),(829, 3, '查看', 'row', 'form', 'dicFormView', 'primary', NULL, 4, NULL, '010607'),(830, 3, 'java代码', 'row', 'form', 'dicJavaCode', 'primary', NULL, 5, NULL, NULL),(846, 16, '新增', 'top', 'form', 'position', 'primary', NULL, 1, NULL, '020301'),(847, 16, '编辑', 'row', 'form', 'position', 'primary', NULL, 2, 'positionType==1', '020302'),(848, 16, '删除', 'row', 'ajax', 'post:/admin/common/position/delete/${id}', 'danger', '确定删除岗位${name}吗?', 3, 'positionType==1', '020303'),(849, 16, '岗位菜单', 'row', 'form', 'positionMenu', 'primary', NULL, 4, NULL, '020304'),(850, 20, '新增', 'top', 'form', 'dept', 'primary', NULL, 1, NULL, '020601'),(851, 20, '编辑', 'row', 'form', 'dept', 'primary', NULL, 2, NULL, '020602'),(852, 20, '删除', 'row', 'ajax', 'post:/admin/common/dept/delete/${id}', 'danger', '确定删除部门${name}吗?', 3, NULL, '020603'),(853, 19, '新增', 'top', 'form', 'enterpriseUser', 'primary', NULL, 1, NULL, '020701'),(854, 19, '编辑', 'row', 'form', 'enterpriseUser', 'primary', NULL, 2, NULL, '020704'),(855, 19, '删除', 'row', 'ajax', 'post:/admin/common/enterpriseUser/delete/${id}', 'danger', '确定删除用户${name}吗?', 3, NULL, '020705'),(856, 19, '关联其他企业用户', 'top', 'form', 'otherEnterpriseUser', 'primary', NULL, 4, NULL, '020706'),(857, 19, '重置密码', 'row', 'ajax', 'get:/admin/user/resetPwd/${userId}', 'primary', NULL, 5, NULL, '020707');
UNLOCK TABLES;
COMMIT;
BEGIN;
LOCK TABLES `page_query_field` WRITE;
DELETE FROM `page_query_field`;
INSERT INTO `page_query_field` (`id`,`page_id`,`field`,`label`,`value`,`opt`,`hidden`,`must`,`type`,`format`,`date_express`,`option_sql`,`seq`,`width`,`component_type`,`multi`,`ref`,`label_remark`) VALUES (41, 7, 'code', '编号', NULL, 'like', 'NO', 'NO', 'string', NULL, NULL, NULL, 1, NULL, NULL, NULL, NULL, NULL),(42, 7, 'name', '名称', NULL, 'like', 'NO', 'NO', 'string', NULL, NULL, NULL, 2, NULL, NULL, NULL, NULL, NULL),(76, 8, 'TABLE_NAME', '主表', NULL, 'like', 'NO', 'NO', 'string', NULL, NULL, NULL, 1, NULL, NULL, NULL, NULL, NULL),(77, 8, 'TABLE_COMMENT', '主表备注', NULL, 'like', 'NO', 'NO', 'string', NULL, NULL, NULL, 2, NULL, NULL, NULL, NULL, NULL),(78, 8, 'COLUMN_NAME', '字段', NULL, 'like', 'NO', 'NO', 'string', NULL, NULL, NULL, 3, NULL, NULL, NULL, NULL, NULL),(79, 8, 'COLUMN_COMMENT', '字段备注', NULL, 'like', 'NO', 'NO', 'string', NULL, NULL, NULL, 4, NULL, NULL, NULL, NULL, NULL),(80, 8, 'REFERENCED_TABLE_NAME', '关联表', NULL, 'like', 'NO', 'NO', 'string', NULL, NULL, NULL, 5, NULL, NULL, NULL, NULL, NULL),(81, 8, 'REFERENCED_TABLE_COMMENT', '关联表备注', NULL, 'like', 'NO', 'NO', 'string', NULL, NULL, NULL, 6, NULL, NULL, NULL, NULL, NULL),(82, 8, 'REFERENCED_COLUMN_NAME', '关联字段', NULL, 'like', 'NO', 'NO', 'string', NULL, NULL, NULL, 7, NULL, NULL, NULL, NULL, NULL),(83, 8, 'REFERENCED_COLUMN_COMMENT', '关联字段备注', NULL, 'like', 'NO', 'NO', 'string', NULL, NULL, NULL, 8, NULL, NULL, NULL, NULL, NULL),(133, 9, 'label', '标签', NULL, 'like', 'NO', 'NO', 'string', NULL, NULL, NULL, 1, 6, NULL, NULL, NULL, NULL),(134, 9, 'value', '值', NULL, 'like', 'NO', 'NO', 'string', NULL, NULL, NULL, 2, 6, NULL, NULL, NULL, NULL),(135, 9, 'parent_id', '字典id', '-1', 'eq', 'YES', 'YES', 'long', NULL, NULL, NULL, 3, NULL, NULL, NULL, NULL, NULL),(163, 10, 'code', '编号', NULL, 'like', 'NO', 'NO', 'string', NULL, NULL, NULL, 1, NULL, NULL, NULL, NULL, NULL),(164, 10, 'name', '名称', NULL, 'like', 'NO', 'NO', 'string', NULL, NULL, NULL, 2, NULL, NULL, NULL, NULL, NULL),(253, 15, 'enterprise_id', '企业id', '-1', 'eq', 'YES', 'NO', 'long', NULL, NULL, NULL, 1, NULL, NULL, NULL, 'YES', NULL),(254, 15, 'name', '姓名', NULL, 'like', 'NO', 'NO', 'string', NULL, NULL, NULL, 2, NULL, NULL, NULL, 'NO', NULL),(255, 14, 'code', '编号', NULL, 'like', 'NO', 'NO', 'string', NULL, NULL, NULL, 1, NULL, NULL, NULL, 'NO', NULL),(256, 14, 'name', '名称', NULL, 'like', 'NO', 'NO', 'string', NULL, NULL, NULL, 2, NULL, NULL, NULL, 'NO', NULL),(265, 17, 'code', '岗位编号', NULL, 'like', 'NO', 'NO', 'string', NULL, NULL, NULL, 1, NULL, NULL, NULL, NULL, NULL),(266, 17, 'name', '岗位名称', NULL, 'like', 'NO', 'NO', 'string', NULL, NULL, NULL, 2, NULL, NULL, NULL, NULL, NULL),(308, 21, 'code', '岗位编号', NULL, 'like', 'NO', 'NO', 'string', NULL, NULL, NULL, 1, NULL, NULL, NULL, 'NO', NULL),(309, 21, 'name', '岗位名称', NULL, 'like', 'NO', 'NO', 'string', NULL, NULL, NULL, 2, NULL, NULL, NULL, 'NO', NULL),(310, 21, 'enterprise_user_id', '企业用户id', '-1', 'eq', 'YES', 'NO', 'long', NULL, NULL, NULL, 3, NULL, NULL, NULL, 'YES', NULL),(316, 22, 'user_code', '用户编号', NULL, 'like', 'NO', 'NO', 'string', NULL, NULL, NULL, 1, NULL, NULL, NULL, NULL, NULL),(317, 22, 'name', '姓名', NULL, 'like', 'NO', 'NO', 'string', NULL, NULL, NULL, 2, NULL, NULL, NULL, NULL, NULL),(318, 22, 'mobile', '手机号', NULL, 'like', 'NO', 'NO', 'string', NULL, NULL, NULL, 3, NULL, NULL, NULL, NULL, NULL),(319, 22, 'user_status', '用户状态', NULL, 'eq', 'NO', 'NO', 'dic', 'userStatus', NULL, NULL, 4, NULL, NULL, NULL, NULL, NULL),(329, 18, 'menu_code', '菜单编号', NULL, 'like', 'NO', 'NO', 'string', NULL, NULL, NULL, 1, NULL, NULL, NULL, NULL, NULL),(330, 18, 'menu_name', '菜单名称', NULL, 'like', 'NO', 'NO', 'string', NULL, NULL, NULL, 2, NULL, NULL, NULL, NULL, NULL),(331, 18, 'menu_type', '菜单类型', NULL, 'eq', 'NO', 'NO', 'dic', 'menuType', NULL, NULL, 3, NULL, NULL, NULL, NULL, NULL),(349, 23, 'menu_code', '菜单编号', NULL, 'like', 'NO', 'NO', 'string', NULL, NULL, NULL, 1, NULL, NULL, NULL, NULL, NULL),(350, 23, 'menu_name', '菜单名称', NULL, 'like', 'NO', 'NO', 'string', NULL, NULL, NULL, 2, NULL, NULL, NULL, NULL, NULL),(351, 23, 'menu_type', '菜单类型', NULL, 'eq', 'NO', 'NO', 'dic', 'menuType', NULL, NULL, 3, NULL, NULL, NULL, NULL, NULL),(498, 39, 'name', 'url名称', NULL, 'like', 'NO', 'NO', 'string', NULL, NULL, NULL, 1, NULL, NULL, NULL, NULL, NULL),(499, 39, 'url', 'url', NULL, 'like', 'NO', 'NO', 'string', NULL, NULL, NULL, 2, NULL, NULL, NULL, NULL, NULL),(500, 39, 'menu_name', '菜单名称', NULL, 'like', 'NO', 'NO', 'string', NULL, NULL, NULL, 3, NULL, NULL, NULL, NULL, NULL),(501, 39, 'menu_id', '菜单', NULL, 'eq', 'NO', 'NO', 'selector', 'menu', NULL, NULL, 4, NULL, NULL, NULL, NULL, NULL),(502, 38, 'menu_id', '菜单id', '-1', 'eq', 'YES', 'NO', 'long', NULL, NULL, NULL, 1, NULL, NULL, NULL, 'YES', NULL),(503, 38, 'url', 'url', NULL, 'like', 'NO', 'NO', 'string', NULL, NULL, NULL, 2, NULL, NULL, NULL, NULL, NULL),(504, 38, 'name', 'url名称', NULL, 'like', 'NO', 'NO', 'string', NULL, NULL, NULL, 3, NULL, NULL, NULL, NULL, NULL),(514, 12, 'user_code', '用户编号', NULL, 'like', 'NO', 'NO', 'string', NULL, NULL, NULL, 1, NULL, NULL, NULL, NULL, NULL),(515, 12, 'name', '姓名', NULL, 'like', 'NO', 'NO', 'string', NULL, NULL, NULL, 2, NULL, NULL, NULL, NULL, NULL),(516, 12, 'mobile', '手机号', NULL, 'like', 'NO', 'NO', 'string', NULL, NULL, NULL, 3, NULL, NULL, NULL, NULL, NULL),(517, 12, 'user_type', '用户类型', NULL, 'in', 'NO', 'NO', 'dic', 'userType', NULL, NULL, 4, NULL, 'checkboxes', 'YES', NULL, NULL),(518, 12, 'user_status', '用户状态', NULL, 'eq', 'NO', 'NO', 'dic', 'userStatus', NULL, NULL, 5, NULL, 'select', 'YES', NULL, NULL),(727, 49, 'user_code', '用户编号', NULL, 'like', 'NO', 'NO', 'string', NULL, NULL, NULL, 1, 6, NULL, NULL, NULL, NULL),(728, 49, 'name', '姓名', NULL, 'like', 'NO', 'NO', 'string', NULL, NULL, NULL, 2, 6, NULL, NULL, NULL, NULL),(729, 49, 'dept_name', '部门名称', NULL, 'like', 'NO', 'NO', 'string', NULL, NULL, NULL, 3, 6, NULL, NULL, NULL, NULL),(833, 4, 'label', '标签', NULL, 'like', 'NO', 'NO', 'string', NULL, NULL, NULL, 1, 6, NULL, NULL, NULL, NULL),(834, 4, 'value', '值', NULL, 'like', 'NO', 'NO', 'string', NULL, NULL, NULL, 2, 6, NULL, NULL, NULL, NULL),(835, 4, 'parent_id', '字典id', '-1', 'eq', 'YES', 'NO', 'long', NULL, NULL, NULL, 3, NULL, NULL, NULL, 'YES', NULL),(839, 25, 'user_code', '用户编号', NULL, 'like', 'NO', 'NO', 'string', NULL, NULL, NULL, 1, NULL, NULL, NULL, NULL, NULL),(840, 25, 'name', '姓名', NULL, 'like', 'NO', 'NO', 'string', NULL, NULL, NULL, 2, NULL, NULL, NULL, NULL, NULL),(841, 25, 'mobile', '手机号', NULL, 'like', 'NO', 'NO', 'string', NULL, NULL, NULL, 3, NULL, NULL, NULL, NULL, NULL),(842, 25, 'user_type', '用户类型', NULL, 'in', 'NO', 'NO', 'dic', 'userType', NULL, NULL, 4, NULL, 'checkboxes', 'YES', NULL, NULL),(843, 25, 'user_status', '用户状态', NULL, 'eq', 'NO', 'NO', 'dic', 'userStatus', NULL, NULL, 5, NULL, NULL, NULL, NULL, NULL),(844, 25, 'dept_name', '部门名称', NULL, 'like', 'NO', 'NO', 'string', NULL, NULL, NULL, 6, NULL, NULL, NULL, NULL, NULL),(845, 25, 'dept_id', '部门id', '-1', 'eq', 'YES', 'NO', 'long', NULL, NULL, NULL, 7, NULL, NULL, NULL, 'YES', NULL),(850, 2, 'menu_code', '菜单编号', NULL, 'like', 'NO', 'NO', 'string', NULL, NULL, NULL, 1, NULL, NULL, NULL, NULL, NULL),(851, 2, 'menu_name', '菜单名称', NULL, 'like', 'NO', 'NO', 'string', NULL, NULL, NULL, 2, NULL, NULL, NULL, NULL, NULL),(852, 2, 'menu_type', '菜单类型', NULL, 'eq', 'NO', 'NO', 'dic', 'menuType', NULL, NULL, 3, NULL, NULL, NULL, NULL, NULL),(853, 2, 'whether_button', '是否按钮', NULL, 'eq', 'NO', 'NO', 'dic', 'whether', NULL, NULL, 4, NULL, NULL, NULL, NULL, NULL),(856, 3, 'dic_code', '字典编号', NULL, 'like', 'NO', 'NO', 'string', NULL, NULL, NULL, 1, 6, NULL, NULL, NULL, NULL),(857, 3, 'dic_name', '字典名称', NULL, 'like', 'NO', 'NO', 'string', NULL, NULL, NULL, 2, 6, NULL, NULL, NULL, NULL),(858, 16, 'code', '岗位编号', NULL, 'like', 'NO', 'NO', 'string', NULL, NULL, NULL, 1, NULL, NULL, NULL, NULL, NULL),(859, 16, 'name', '岗位名称', NULL, 'like', 'NO', 'NO', 'string', NULL, NULL, NULL, 2, NULL, NULL, NULL, NULL, NULL),(860, 16, 'position_type', '岗位类型', NULL, 'eq', 'NO', 'NO', 'dic', 'positionType', NULL, NULL, 3, NULL, NULL, NULL, NULL, NULL),(861, 20, 'code', '部门编号', NULL, 'like', 'NO', 'NO', 'string', NULL, NULL, NULL, 1, NULL, NULL, NULL, NULL, NULL),(862, 20, 'name', '部门名称', NULL, 'like', 'NO', 'NO', 'string', NULL, NULL, NULL, 2, NULL, NULL, NULL, NULL, NULL),(863, 20, 'dept_type', '部门类型', NULL, 'in', 'NO', 'NO', 'dic', 'deptType', NULL, NULL, 3, NULL, 'select', 'YES', NULL, NULL),(864, 19, 'user_code', '用户编号', NULL, 'like', 'NO', 'NO', 'string', NULL, NULL, NULL, 1, 6, NULL, NULL, NULL, NULL),(865, 19, 'name', '姓名', NULL, 'like', 'NO', 'NO', 'string', NULL, NULL, NULL, 2, 6, NULL, NULL, NULL, NULL),(866, 19, 'mobile', '手机号', NULL, 'like', 'NO', 'NO', 'string', NULL, NULL, NULL, 3, 6, NULL, NULL, NULL, NULL),(867, 19, 'user_type', '用户类型', NULL, 'in', 'NO', 'NO', 'dic', 'userType', NULL, NULL, 4, 6, 'checkboxes', 'YES', NULL, NULL),(868, 19, 'user_status', '用户状态', NULL, 'eq', 'NO', 'NO', 'dic', 'userStatus', NULL, NULL, 5, 6, NULL, NULL, NULL, NULL),(869, 19, 'dept_name', '部门名称', NULL, 'like', 'NO', 'NO', 'string', NULL, NULL, NULL, 6, 6, NULL, NULL, NULL, NULL);
UNLOCK TABLES;
COMMIT;
BEGIN;
LOCK TABLES `page_ref` WRITE;
DELETE FROM `page_ref`;
INSERT INTO `page_ref` (`id`,`ref_type`,`ref_field`,`ref_page_code`,`seq`,`page_id`,`ref_name`) VALUES (20, 'page', 'parentId=${id}', 'dic_item', 1, 3, NULL),(21, 'page', 'enterpriseUserId=${id}', 'enterpriseUserPosition', 1, 19, '用户岗位');
UNLOCK TABLES;
COMMIT;
BEGIN;
LOCK TABLES `page_result_field` WRITE;
DELETE FROM `page_result_field`;
INSERT INTO `page_result_field` (`id`,`page_id`,`field`,`label`,`width`,`type`,`format`,`hidden`,`seq`) VALUES (174, 7, 'id', '主键', NULL, 'long', NULL, 'YES', 1),(175, 7, 'code', '编号', NULL, 'string', NULL, 'NO', 2),(176, 7, 'name', '名称', NULL, 'string', NULL, 'NO', 3),(177, 7, 'table_name', '主表', NULL, 'string', NULL, 'NO', 4),(251, 8, 'CONSTRAINT_NAME', '外键名称', NULL, 'string', NULL, 'NO', 1),(252, 8, 'TABLE_NAME', '主表', NULL, 'string', NULL, 'NO', 2),(253, 8, 'TABLE_COMMENT', '主表备注', NULL, 'string', NULL, 'NO', 3),(254, 8, 'COLUMN_NAME', '字段', NULL, 'string', NULL, 'NO', 4),(255, 8, 'COLUMN_COMMENT', '字段备注', NULL, 'string', NULL, 'NO', 5),(256, 8, 'ORDINAL_POSITION', '位置', NULL, 'long', NULL, 'NO', 6),(257, 8, 'REFERENCED_TABLE_NAME', '关联表', NULL, 'string', NULL, 'NO', 7),(258, 8, 'REFERENCED_TABLE_COMMENT', '关联表备注', NULL, 'string', NULL, 'NO', 8),(259, 8, 'REFERENCED_COLUMN_NAME', '关联字段', NULL, 'string', NULL, 'NO', 9),(260, 8, 'REFERENCED_COLUMN_COMMENT', '关联字段备注', NULL, 'string', NULL, 'NO', 10),(340, 9, 'id', '主键', NULL, 'long', NULL, 'YES', 1),(341, 9, 'parent_id', '字典id', NULL, 'long', NULL, 'YES', 2),(342, 9, 'label', '字典标签', NULL, 'string', NULL, 'NO', 3),(343, 9, 'value', '字典值', NULL, 'string', NULL, 'NO', 4),(409, 10, 'id', '主键', NULL, 'long', NULL, 'YES', 1),(410, 10, 'code', '编号', NULL, 'string', NULL, 'NO', 2),(411, 10, 'name', '名称', NULL, 'string', NULL, 'NO', 3),(412, 10, 'value', '值', NULL, 'big-string', NULL, 'NO', 4),(635, 15, 'id', '主键', NULL, 'long', NULL, 'YES', 1),(636, 15, 'enterprise_id', '企业id', NULL, 'long', NULL, 'YES', 2),(637, 15, 'user_id', '人员id', NULL, 'long', NULL, 'YES', 3),(638, 15, 'name', '姓名', NULL, 'string', NULL, 'NO', 4),(639, 14, 'id', '主键', NULL, 'long', NULL, 'YES', 1),(640, 14, 'code', '编号', NULL, 'string', NULL, 'NO', 2),(641, 14, 'name', '名称', NULL, 'string', NULL, 'NO', 3),(642, 14, 'logo', 'logo', NULL, 'image', NULL, 'NO', 4),(643, 14, 'address', '地址', NULL, 'string', NULL, 'NO', 5),(665, 17, 'id', '主键', NULL, 'long', NULL, 'YES', 1),(666, 17, 'code', '岗位编号', NULL, 'string', NULL, 'NO', 2),(667, 17, 'name', '岗位名称', NULL, 'string', NULL, 'NO', 3),(668, 17, 'position_type', '岗位类型', NULL, 'dic', 'positionType', 'NO', 4),(669, 17, 'enterprise_id', '企业id', NULL, 'long', NULL, 'YES', 5),(755, 21, 'id', '主键', NULL, 'long', NULL, 'YES', 1),(756, 21, 'enterprise_user_id', '企业用户id', NULL, 'long', NULL, 'YES', 2),(757, 21, 'name', '岗位名称', NULL, 'string', NULL, 'NO', 3),(758, 21, 'code', '岗位编号', NULL, 'string', NULL, 'NO', 4),(769, 22, 'id', '主键', NULL, 'long', NULL, 'YES', 1),(770, 22, 'user_code', '用户编号', NULL, 'string', NULL, 'NO', 2),(771, 22, 'name', '姓名', NULL, 'string', NULL, 'NO', 3),(772, 22, 'mobile', '手机号', NULL, 'string', NULL, 'NO', 4),(773, 22, 'create_time', '创建时间', NULL, 'date', 'yyyy-MM-dd', 'NO', 5),(774, 22, 'update_time', '更新时间', NULL, 'date', 'yyyy-MM-dd', 'NO', 6),(775, 22, 'avatar', '头像', NULL, 'image', NULL, 'NO', 7),(776, 22, 'user_status', '用户状态', NULL, 'dic', 'userStatus', 'NO', 8),(777, 22, 'other_files', '附件列表', NULL, 'file', NULL, 'NO', 9),(797, 18, 'id', '主键', NULL, 'long', NULL, 'YES', 1),(798, 18, 'parent_id', '父菜单', NULL, 'long', NULL, 'YES', 2),(799, 18, 'menu_code', '菜单编号', NULL, 'string', NULL, 'NO', 3),(800, 18, 'menu_name', '菜单名称', NULL, 'string', NULL, 'NO', 4),(801, 18, 'menu_type', '菜单类型', NULL, 'dic', 'menuType', 'NO', 5),(802, 18, 'url', '菜单地址', NULL, 'long-string', NULL, 'NO', 6),(803, 18, 'seq', '序号', NULL, 'int', NULL, 'NO', 7),(804, 18, 'icon', '图标', NULL, 'string', NULL, 'NO', 8),(842, 23, 'id', '主键', NULL, 'long', NULL, 'YES', 1),(843, 23, 'parent_id', '父菜单', NULL, 'long', NULL, 'YES', 2),(844, 23, 'menu_code', '菜单编号', NULL, 'string', NULL, 'NO', 3),(845, 23, 'menu_name', '菜单名称', NULL, 'string', NULL, 'NO', 4),(846, 23, 'menu_type', '菜单类型', NULL, 'dic', 'menuType', 'NO', 5),(847, 23, 'url', '菜单地址', NULL, 'long-string', NULL, 'NO', 6),(848, 23, 'seq', '序号', NULL, 'int', NULL, 'NO', 7),(849, 23, 'icon', '图标', NULL, 'string', NULL, 'NO', 8),(864, 24, 'menu_code', '菜单编号', NULL, 'string', NULL, 'NO', 1),(1411, 40, 'url', 'url', NULL, 'string', NULL, 'NO', 1),(1425, 39, 'id', '主键', NULL, 'long', NULL, 'YES', 1),(1426, 39, 'menu_id', '菜单id', NULL, 'long', NULL, 'YES', 2),(1427, 39, 'menu_name', '菜单名称', NULL, 'string', NULL, 'NO', 3),(1428, 39, 'name', 'url名称', NULL, 'string', NULL, 'NO', 4),(1429, 39, 'url', 'url', NULL, 'string', NULL, 'NO', 5),(1430, 38, 'id', '主键', NULL, 'long', NULL, 'YES', 1),(1431, 38, 'menu_id', '菜单id', NULL, 'long', NULL, 'YES', 2),(1432, 38, 'name', '名称', NULL, 'string', NULL, 'NO', 3),(1433, 38, 'url', 'url', NULL, 'string', NULL, 'NO', 4),(1462, 12, 'id', '主键', NULL, 'long', NULL, 'YES', 1),(1463, 12, 'user_code', '用户编号', NULL, 'string', NULL, 'NO', 2),(1464, 12, 'name', '姓名', NULL, 'string', NULL, 'NO', 3),(1465, 12, 'mobile', '手机号', NULL, 'string', NULL, 'NO', 4),(1466, 12, 'create_time', '创建时间', NULL, 'date', 'yyyy-MM-dd', 'NO', 5),(1467, 12, 'update_time', '更新时间', NULL, 'date', 'yyyy-MM-dd', 'NO', 6),(1468, 12, 'avatar', '头像', NULL, 'image', NULL, 'NO', 7),(1469, 12, 'user_type', '用户类型', NULL, 'dic', 'userType', 'NO', 8),(1470, 12, 'user_status', '用户状态', NULL, 'dic', 'userStatus', 'NO', 9),(1471, 12, 'other_files', '附件列表', NULL, 'file', NULL, 'NO', 10),(1990, 49, 'id', '主键', NULL, 'long', NULL, 'YES', 1),(1991, 49, 'user_code', '用户编号', NULL, 'string', NULL, 'NO', 2),(1992, 49, 'name', '姓名', NULL, 'string', NULL, 'NO', 3),(1993, 49, 'dept_name', '部门名称', NULL, 'string', NULL, 'NO', 4),(1994, 49, 'mobile', '手机号', NULL, 'string', NULL, 'NO', 5),(2275, 4, 'id', '主键', NULL, 'long', NULL, 'YES', 1),(2276, 4, 'parent_id', '字典id', NULL, 'long', NULL, 'YES', 2),(2277, 4, 'label', '字典标签', NULL, 'string', NULL, 'NO', 3),(2278, 4, 'value', '字典值', NULL, 'string', NULL, 'NO', 4),(2279, 4, 'seq', '排序', NULL, 'int', NULL, 'NO', 5),(2285, 25, 'id', '主键', NULL, 'long', NULL, 'YES', 1),(2286, 25, 'dept_id', '部门id', NULL, 'long', NULL, 'YES', 2),(2287, 25, 'user_code', '用户编号', NULL, 'string', NULL, 'NO', 3),(2288, 25, 'name', '姓名', NULL, 'string', NULL, 'NO', 4),(2289, 25, 'dept_name', '部门名称', NULL, 'string', NULL, 'NO', 5),(2290, 25, 'mobile', '手机号', NULL, 'string', NULL, 'NO', 6),(2291, 25, 'create_time', '创建时间', NULL, 'date', 'yyyy-MM-dd', 'NO', 7),(2292, 25, 'update_time', '更新时间', NULL, 'date', 'yyyy-MM-dd', 'NO', 8),(2293, 25, 'avatar', '头像', NULL, 'image', NULL, 'NO', 9),(2294, 25, 'user_type', '用户类型', NULL, 'dic', 'userType', 'NO', 10),(2295, 25, 'user_status', '用户状态', NULL, 'dic', 'userStatus', 'NO', 11),(2296, 25, 'other_files', '附件列表', NULL, 'file', NULL, 'NO', 12),(2306, 2, 'id', '主键', NULL, 'long', NULL, 'YES', 1),(2307, 2, 'parent_id', '父菜单', NULL, 'long', NULL, 'YES', 2),(2308, 2, 'menu_code', '菜单编号', NULL, 'string', NULL, 'NO', 3),(2309, 2, 'menu_name', '菜单名称', NULL, 'string', NULL, 'NO', 4),(2310, 2, 'menu_type', '菜单类型', NULL, 'dic', 'menuType', 'NO', 5),(2311, 2, 'url', '菜单地址', NULL, 'long-string', NULL, 'NO', 6),(2312, 2, 'seq', '序号', NULL, 'int', NULL, 'NO', 7),(2313, 2, 'icon', '图标', NULL, 'string', NULL, 'NO', 8),(2314, 2, 'whether_button', '是否按钮', NULL, 'dic', 'whether', 'NO', 9),(2322, 3, 'id', '主键', NULL, 'long', NULL, 'YES', 1),(2323, 3, 'dic_code', '字典编号', NULL, 'string', NULL, 'NO', 2),(2324, 3, 'dic_name', '字典名称', NULL, 'string', NULL, 'NO', 3),(2353, 16, 'id', '主键', NULL, 'long', NULL, 'YES', 1),(2354, 16, 'code', '岗位编号', NULL, 'string', NULL, 'NO', 2),(2355, 16, 'name', '岗位名称', NULL, 'string', NULL, 'NO', 3),(2356, 16, 'position_type', '岗位类型', NULL, 'dic', 'positionType', 'NO', 4),(2357, 16, 'enterprise_id', '企业id', NULL, 'long', NULL, 'YES', 5),(2358, 20, 'id', '主键', NULL, 'long', NULL, 'YES', 1),(2359, 20, 'code', '部门编号', NULL, 'string', NULL, 'NO', 2),(2360, 20, 'name', '部门名称', NULL, 'string', NULL, 'NO', 3),(2361, 20, 'parent_id', '父部门id', NULL, 'long', NULL, 'YES', 4),(2362, 20, 'dept_type', '部门类型', NULL, 'dic', 'deptType', 'NO', 5),(2363, 19, 'id', '主键', NULL, 'long', NULL, 'YES', 1),(2364, 19, 'user_id', '用户id', NULL, 'long', NULL, 'YES', 2),(2365, 19, 'user_code', '用户编号', NULL, 'string', NULL, 'NO', 3),(2366, 19, 'name', '姓名', NULL, 'string', NULL, 'NO', 4),(2367, 19, 'dept_name', '部门名称', NULL, 'string', NULL, 'NO', 5),(2368, 19, 'mobile', '手机号', NULL, 'string', NULL, 'NO', 6),(2369, 19, 'create_time', '创建时间', NULL, 'date', 'yyyy-MM-dd', 'NO', 7),(2370, 19, 'update_time', '更新时间', NULL, 'date', 'yyyy-MM-dd', 'NO', 8),(2371, 19, 'avatar', '头像', NULL, 'image', NULL, 'NO', 9),(2372, 19, 'user_type', '用户类型', NULL, 'dic', 'userType', 'NO', 10),(2373, 19, 'user_status', '用户状态', NULL, 'dic', 'userStatus', 'NO', 11),(2374, 19, 'other_files', '附件列表', NULL, 'file', NULL, 'NO', 12);
UNLOCK TABLES;
COMMIT;
BEGIN;
LOCK TABLES `position` WRITE;
DELETE FROM `position`;
INSERT INTO `position` (`id`,`code`,`name`,`position_type`,`enterprise_id`) VALUES (3, 'test1', '测试1', '2', 3),(4, '测试固定岗位', '1111', '1', 4),(5, 'SalesUser', '销售员', '2', 4);
UNLOCK TABLES;
COMMIT;
BEGIN;
LOCK TABLES `position_menu` WRITE;
DELETE FROM `position_menu`;
INSERT INTO `position_menu` (`id`,`position_id`,`enterprise_id`,`menu_id`) VALUES (3, 4, 3, 17),(4, 4, 3, 19),(5, 4, 3, 8),(24, 4, 4, 8),(25, 4, 4, 10),(26, 4, 4, 11),(27, 4, 4, 13),(28, 4, 4, 14),(29, 4, 4, 87),(30, 4, 4, 88),(31, 4, 4, 83),(32, 4, 4, 84),(33, 4, 4, 85),(34, 4, 4, 86),(35, 4, 4, 77),(36, 4, 4, 78),(37, 4, 4, 79),(41, 4, 4, 55),(42, 4, 4, 56),(43, 4, 4, 57),(44, 4, 4, 58),(45, 4, 4, 59),(46, 4, 4, 60),(47, 4, 4, 61),(48, 4, 4, 62),(49, 4, 4, 63),(50, 4, 4, 64),(51, 4, 4, 65),(52, 4, 4, 66),(53, 4, 4, 67),(54, 4, 4, 68),(55, 4, 4, 69),(56, 4, 4, 70),(57, 4, 4, 71),(58, 4, 4, 72),(59, 4, 4, 73),(60, 4, 4, 74),(61, 4, 4, 75),(62, 4, 4, 76),(82, 5, 4, 8),(83, 5, 4, 10),(84, 5, 4, 11),(85, 5, 4, 14),(89, 5, 4, 87),(90, 5, 4, 88),(91, 5, 4, 83),(92, 5, 4, 84),(93, 5, 4, 85),(94, 5, 4, 86),(95, 5, 4, 134),(96, 5, 4, 135),(97, 5, 4, 136),(98, 5, 4, 137),(99, 5, 4, 152),(100, 5, 4, 153),(101, 5, 4, 154),(102, 5, 4, 155),(103, 5, 4, 156),(104, 5, 4, 157),(105, 5, 4, 158),(106, 5, 4, 77),(107, 5, 4, 78),(108, 5, 4, 79),(126, 5, 4, 138),(127, 5, 4, 139),(128, 5, 4, 140),(132, 5, 4, 52),(133, 5, 4, 53),(134, 5, 4, 54),(135, 5, 4, 148),(136, 5, 4, 55),(137, 5, 4, 56),(138, 5, 4, 57),(139, 5, 4, 58),(140, 5, 4, 59),(141, 5, 4, 60),(142, 5, 4, 61),(143, 5, 4, 62),(144, 5, 4, 63),(145, 5, 4, 64),(148, 5, 4, 65),(149, 5, 4, 66),(150, 5, 4, 67),(151, 5, 4, 68),(152, 5, 4, 69),(153, 5, 4, 70),(154, 5, 4, 89),(155, 5, 4, 90),(158, 5, 4, 71),(159, 5, 4, 72),(160, 5, 4, 73),(161, 5, 4, 74),(162, 5, 4, 75),(163, 5, 4, 76),(164, 5, 4, 149);
UNLOCK TABLES;
COMMIT;
BEGIN;
LOCK TABLES `spring_session` WRITE;
DELETE FROM `spring_session`;
INSERT INTO `spring_session` (`PRIMARY_ID`,`SESSION_ID`,`CREATION_TIME`,`LAST_ACCESS_TIME`,`MAX_INACTIVE_INTERVAL`,`EXPIRY_TIME`,`PRINCIPAL_NAME`) VALUES ('6f7c55de-988c-4bb7-b625-96e35091ff09', '87c8cfcd-5728-4f2f-ad66-08eb5eca0d4d', 1661398571823, 1661398762016, 7200, 1661405962016, NULL);
UNLOCK TABLES;
COMMIT;
BEGIN;
LOCK TABLES `spring_session_attributes` WRITE;
DELETE FROM `spring_session_attributes`;
INSERT INTO `spring_session_attributes` (`SESSION_PRIMARY_ID`,`ATTRIBUTE_NAME`,`ATTRIBUTE_BYTES`) VALUES ('6f7c55de-988c-4bb7-b625-96e35091ff09', 'CAPTCHA_CODE', 0xACED000574000466757536),('6f7c55de-988c-4bb7-b625-96e35091ff09', 'CAPTCHA_TIMEOUT', 0xACED00057372000E6A6176612E6C616E672E4C6F6E673B8BE490CC8F23DF0200014A000576616C7565787200106A6176612E6C616E672E4E756D62657286AC951D0B94E08B020000787000000182D316EFCE),('6f7c55de-988c-4bb7-b625-96e35091ff09', 'USER_SESSION', 0xACED000573720027636F6D2E6A71702E61646D696E2E636F6D6D6F6E2E636F6E6669672E5573657253657373696F6E91B92D637D9526AE0200084C000B627574746F6E436F64657374000F4C6A6176612F7574696C2F5365743B4C000F63757272656E74557365724D656E757400104C6A6176612F7574696C2F4C6973743B4C00066465707449647400104C6A6176612F6C616E672F4C6F6E673B4C000C656E7465727072697365496471007E00034C0005746F6B656E7400124C6A6176612F6C616E672F537472696E673B4C000475726C7371007E00014C000675736572496471007E00034C0008757365725479706571007E0004787070737200136A6176612E7574696C2E41727261794C6973747881D21D99C7619D03000149000473697A65787000000002770400000002737200116A6176612E7574696C2E486173684D61700507DAC1C31660D103000246000A6C6F6164466163746F724900097468726573686F6C6478703F4000000000000C7708000000100000000A74000D77686574686572427574746F6E7400024E4F7400086368696C6472656E7371007E0006000000097704000000097371007E00083F4000000000000C7708000000100000000974000D77686574686572427574746F6E7400024E4F7400086D656E75436F64657400043031303174000469636F6E707400086D656E754E616D6574000CE695B0E68DAEE5BA93E8A1A87400086D656E75547970657400013174000269647372000E6A6176612E6C616E672E4C6F6E673B8BE490CC8F23DF0200014A000576616C7565787200106A6176612E6C616E672E4E756D62657286AC951D0B94E08B02000078700000000000000008740008706172656E7449647371007E0019000000000000000774000375726C74001A2F706167652F7374617469632F7379732F7461626C65496E666F740003736571737200116A6176612E6C616E672E496E746567657212E2A0A4F781873802000149000576616C75657871007E001A00000001787371007E00083F4000000000000C7708000000100000000974000D77686574686572427574746F6E7400024E4F7400086D656E75436F64657400043031303274000469636F6E707400086D656E754E616D6574000CE5A496E994AEE7AEA1E790867400086D656E75547970657400013174000269647371007E00190000000000000009740008706172656E74496471007E001D74000375726C7400102F637275642F666F726569676E4B65797400037365717371007E002100000002787371007E00083F4000000000000C7708000000100000000974000D77686574686572427574746F6E7400024E4F7400086D656E75436F64657400043031303374000469636F6E707400086D656E754E616D6574000CE9A1B5E99DA2E7AEA1E790867400086D656E75547970657400013174000269647371007E0019000000000000000A740008706172656E74496471007E001D74000375726C7400152F706167652F7374617469632F7379732F706167657400037365717371007E002100000003787371007E00083F4000000000000C7708000000100000000974000D77686574686572427574746F6E7400024E4F7400086D656E75436F64657400043031303474000469636F6E707400086D656E754E616D6574000CE8A1A8E58D95E7AEA1E790867400086D656E75547970657400013174000269647371007E0019000000000000000B740008706172656E74496471007E001D74000375726C7400152F706167652F7374617469632F7379732F666F726D7400037365717371007E002100000004787371007E00083F4000000000000C7708000000100000000974000D77686574686572427574746F6E7400024E4F7400086D656E75436F64657400043031303574000469636F6E707400086D656E754E616D6574000CE88F9CE58D95E7AEA1E790867400086D656E75547970657400013174000269647371007E0019000000000000000C740008706172656E74496471007E001D74000375726C74000A2F637275642F6D656E757400037365717371007E002100000005787371007E00083F4000000000000C7708000000100000000974000D77686574686572427574746F6E7400024E4F7400086D656E75436F64657400043031303674000469636F6E707400086D656E754E616D6574000CE695B0E68DAEE5AD97E585B87400086D656E75547970657400013174000269647371007E0019000000000000000D740008706172656E74496471007E001D74000375726C7400092F637275642F6469637400037365717371007E002100000006787371007E00083F4000000000000C7708000000100000000974000D77686574686572427574746F6E7400024E4F7400086D656E75436F64657400043031303774000469636F6E707400086D656E754E616D657400096D616769632D6170697400086D656E75547970657400013174000269647371007E0019000000000000000E740008706172656E74496471007E001D74000375726C7400152F6D616769632F7765622F696E6465782E68746D6C7400037365717371007E002100000007787371007E00083F4000000000000C7708000000100000000974000D77686574686572427574746F6E7400024E4F7400086D656E75436F64657400043031303874000469636F6E707400086D656E754E616D6574000CE7B3BBE7BB9FE9858DE7BDAE7400086D656E75547970657400013174000269647371007E0019000000000000000F740008706172656E74496471007E001D74000375726C74000C2F637275642F636F6E6669677400037365717371007E002100000008787371007E00083F4000000000000C7708000000100000000974000D77686574686572427574746F6E7400024E4F7400086D656E75436F64657400043031313574000469636F6E707400086D656E754E616D65740009E7B3BBE7BB9F75726C7400086D656E75547970657400013174000269647371007E00190000000000000085740008706172656E74496471007E001D74000375726C7400102F637275642F6D656E7555726C416C6C7400037365717371007E00210000000F78787400086D656E75436F6465740002303174000469636F6E74000C6D64692D73657474696E67737400086D656E754E616D6574000CE7B3BBE7BB9FE7AEA1E790867400086D656E755479706574000131740002696471007E001D740008706172656E7449647074000375726C7074000373657171007E0022787371007E00083F4000000000000C7708000000100000000A74000D77686574686572427574746F6E7400024E4F71007E000C7371007E0006000000067704000000067371007E00083F4000000000000C7708000000100000000974000D77686574686572427574746F6E7400024E4F7400086D656E75436F64657400043032303174000469636F6E707400086D656E754E616D6574000CE794A8E688B7E7AEA1E790867400086D656E75547970657400013174000269647371007E00190000000000000011740008706172656E7449647371007E0019000000000000001074000375726C74000A2F637275642F7573657274000373657171007E0022787371007E00083F4000000000000C7708000000100000000974000D77686574686572427574746F6E7400024E4F7400086D656E75436F64657400043032303274000469636F6E707400086D656E754E616D6574000CE4BC81E4B89AE7AEA1E790867400086D656E75547970657400013174000269647371007E00190000000000000013740008706172656E74496471007E00C874000375726C7400102F637275642F656E746572707269736574000373657171007E0033787371007E00083F4000000000000C7708000000100000000974000D77686574686572427574746F6E7400024E4F7400086D656E75436F64657400043032303374000469636F6E707400086D656E754E616D6574000CE5B297E4BD8DE7AEA1E790867400086D656E75547970657400013174000269647371007E00190000000000000015740008706172656E74496471007E00C874000375726C74000E2F637275642F706F736974696F6E74000373657171007E0044787371007E00083F4000000000000C7708000000100000000974000D77686574686572427574746F6E7400024E4F7400086D656E75436F64657400043032303474000469636F6E707400086D656E754E616D6574000CE59BBAE5AE9AE5B297E4BD8D7400086D656E75547970657400013174000269647371007E00190000000000000016740008706172656E74496471007E00C874000375726C7400132F637275642F706F736974696F6E466978656474000373657171007E0055787371007E00083F4000000000000C7708000000100000000974000D77686574686572427574746F6E7400024E4F7400086D656E75436F64657400043032303674000469636F6E707400086D656E754E616D65740006E983A8E997A87400086D656E75547970657400013174000269647371007E00190000000000000018740008706172656E74496471007E00C874000375726C74000A2F637275642F6465707474000373657171007E0077787371007E00083F4000000000000C7708000000100000000974000D77686574686572427574746F6E7400024E4F7400086D656E75436F64657400043032303774000469636F6E707400086D656E754E616D6574000CE4BC81E4B89AE794A8E688B77400086D656E75547970657400013174000269647371007E00190000000000000019740008706172656E74496471007E00C874000375726C7400142F637275642F656E74657270726973655573657274000373657171007E008878787400086D656E75436F6465740002303274000469636F6E7400086D64692D686F6D657400086D656E754E616D6574000CE4BABAE59198E7BB84E7BB877400086D656E755479706574000131740002696471007E00C8740008706172656E7449647074000375726C7074000373657171007E00337878707371007E0019000000000000000474009165794A30655841694F694A4B563151694C434A68624763694F694A49557A49314E694A392E65794A68645751694F69496B58795130496977695A586877496A6F784E6A59784E4463774E5463334C434A70595851694F6A45324E6A457A4F5467314E7A64392E344C4C6257635162537972537A396F414A556F6F3165624B347174464531396174465F7A34534958483145707371007E0019000000000000000174000561646D696E);
UNLOCK TABLES;
COMMIT;
BEGIN;
LOCK TABLES `sys_file` WRITE;
DELETE FROM `sys_file`;
INSERT INTO `sys_file` (`id`,`file_name`,`suffix`,`size`,`path`,`upload_time`,`content_type`) VALUES (1, '8c320f09f6cf14ceb9ae281049384541.jpg', 'jpg', 84866, '/2022/01/27/a75d3a499d69438d83619d6aed29b016.jpg', '2022-01-27 15:00:38', 'image/jpeg'),(2, '7f8d521bf999e2d14c6bf1e9b952daf2.jpg', 'jpg', 73726, '/2022/01/27/9c1eeb84379449ae9a31619b1ff32b9a.jpg', '2022-01-27 15:02:55', 'image/jpeg'),(3, '43e6a11ac1db1d2c63509d2f9ae704e9.jpeg', 'jpeg', 31014, '/2022/01/27/2d2993a8cad1401ebead021396d2539c.jpeg', '2022-01-27 15:04:48', 'image/jpeg'),(4, 'b68c9f5e7aed7e50e508445681dcf2e4.jpeg', 'jpeg', 32828, '/2022/01/27/5715b098da8b4749a2486681c34ac322.jpeg', '2022-01-27 15:08:49', 'image/jpeg'),(5, '43e6a11ac1db1d2c63509d2f9ae704e9.jpeg', 'jpeg', 31014, '/2022/01/27/865e557131da4997b59411487a7170e6.jpeg', '2022-01-27 15:10:58', 'image/jpeg'),(6, 'b68c9f5e7aed7e50e508445681dcf2e4.jpeg', 'jpeg', 32828, '/2022/01/27/553640d7b6824f7b80da14266936eeca.jpeg', '2022-01-27 15:24:20', 'image/jpeg'),(7, '43e6a11ac1db1d2c63509d2f9ae704e9.jpeg', 'jpeg', 31014, '/2022/01/27/f74988d8d87d4f46b9dc0800d25fb9e4.jpeg', '2022-01-27 15:52:25', 'image/jpeg'),(8, 'b68c9f5e7aed7e50e508445681dcf2e4.jpeg', 'jpeg', 32828, '/2022/01/27/a8217f37ee7846d296168d4f80ceecd8.jpeg', '2022-01-27 15:52:25', 'image/jpeg'),(9, 'b68c9f5e7aed7e50e508445681dcf2e4.jpeg', 'jpeg', 32828, '/2022/01/27/258eab344c3c439fb7a5bbf538251723.jpeg', '2022-01-27 16:04:56', 'image/jpeg'),(10, '博洛尼合同印章.png', 'png', 17399, '/2022/01/27/042277584cc644bb96f86e8b76ebf352.png', '2022-01-27 16:05:28', 'image/png'),(11, 'svn服务器.docx', 'docx', 201459, '/2022/01/27/6783de565b5f4212a8b96899c1bb98ef.docx', '2022-01-27 16:07:27', 'application/vnd.openxmlformats-officedocument.wordprocessingml.document'),(12, '43e6a11ac1db1d2c63509d2f9ae704e9.jpeg', 'jpeg', 31014, '/2022/01/27/1e1930be37554b92971b291381d96fab.jpeg', '2022-01-27 16:10:02', 'image/jpeg'),(13, 'b68c9f5e7aed7e50e508445681dcf2e4.jpeg', 'jpeg', 32828, '/2022/02/11/a0689d94f70340e392be52c61a611b69.jpeg', '2022-02-11 10:17:44', 'image/jpeg'),(14, '43e6a11ac1db1d2c63509d2f9ae704e9.jpeg', 'jpeg', 31014, '/2022/02/11/aa375cb40b5c41448fb5ee679da99134.jpeg', '2022-02-11 10:17:50', 'image/jpeg'),(15, '43e6a11ac1db1d2c63509d2f9ae704e9.jpeg', 'jpeg', 31014, '/2022/02/11/f2ed09f6362c48c8b65751f57dcc2578.jpeg', '2022-02-11 10:19:29', 'image/jpeg'),(16, '43e6a11ac1db1d2c63509d2f9ae704e9.jpeg', 'jpeg', 31014, '/2022/02/11/b8fb201b4aea4288a96131f522ad1ab6.jpeg', '2022-02-11 10:20:17', 'image/jpeg'),(17, 'b68c9f5e7aed7e50e508445681dcf2e4.jpeg', 'jpeg', 32828, '/2022/02/11/02b5e1ff0d5f4d879d8452db3b197670.jpeg', '2022-02-11 10:27:52', 'image/jpeg'),(18, '43e6a11ac1db1d2c63509d2f9ae704e9.jpeg', 'jpeg', 31014, '/2022/02/11/c5cfbc67f9d64cd3809c505709266826.jpeg', '2022-02-11 10:28:07', 'image/jpeg'),(19, '43e6a11ac1db1d2c63509d2f9ae704e9.jpeg', 'jpeg', 31014, '/2022/02/11/55e3e8c8662f4d868adcb127d01efceb.jpeg', '2022-02-11 10:37:22', 'image/jpeg'),(20, 'b68c9f5e7aed7e50e508445681dcf2e4.jpeg', 'jpeg', 32828, '/2022/02/11/ae10cf6e39f2499abf15fcec79712691.jpeg', '2022-02-11 14:27:12', 'image/jpeg'),(21, 'b68c9f5e7aed7e50e508445681dcf2e4.jpeg', 'jpeg', 32828, '/2022/02/15/7772af1b9c5743a7b9f0cfd0e0eebf9e.jpeg', '2022-02-15 09:32:59', 'image/jpeg'),(22, '43e6a11ac1db1d2c63509d2f9ae704e9.jpeg', 'jpeg', 31014, '/2022/02/16/863d5ea203d849eaaebf5ad71682a09a.jpeg', '2022-02-16 10:55:12', 'image/jpeg'),(23, '43e6a11ac1db1d2c63509d2f9ae704e9.jpeg', 'jpeg', 31014, '/2022/02/16/cdd7b19d896b4942b443a41485240705.jpeg', '2022-02-16 10:55:32', 'image/jpeg'),(24, 'b68c9f5e7aed7e50e508445681dcf2e4.jpeg', 'jpeg', 32828, '/2022/02/16/8a0da8afe3ef4af197da50877dfaf257.jpeg', '2022-02-16 10:55:32', 'image/jpeg'),(25, '43e6a11ac1db1d2c63509d2f9ae704e9.jpeg', 'jpeg', 31014, '/2022/02/22/a92ebf47579b496a806ae9b04b3245af.jpeg', '2022-02-22 11:47:35', 'image/jpeg'),(26, 'b68c9f5e7aed7e50e508445681dcf2e4.jpeg', 'jpeg', 32828, '/2022/02/22/e94c38ed917a49479129c10ed97edac2.jpeg', '2022-02-22 11:47:35', 'image/jpeg'),(27, '策略用户权重.xlsx', 'xlsx', 10911, '/2022/02/22/e759a3cb3e6f42dbb4a5eed47b505e38.xlsx', '2022-02-22 11:47:57', 'application/vnd.openxmlformats-officedocument.spreadsheetml.sheet'),(28, '策略用户权重测试.xlsx', 'xlsx', 10364, '/2022/02/22/1d33a07eaa054bed8bb5522df90bc1d4.xlsx', '2022-02-22 11:47:57', 'application/vnd.openxmlformats-officedocument.spreadsheetml.sheet'),(29, 'b68c9f5e7aed7e50e508445681dcf2e4.jpeg', 'jpeg', 32828, '/2022/02/22/d04b4023b5c04de08eb863821f50905f.jpeg', '2022-02-22 11:52:22', 'image/jpeg'),(30, '43e6a11ac1db1d2c63509d2f9ae704e9.jpeg', 'jpeg', 31014, '/2022/02/22/b139e57691e7453f887b1357d9cadf51.jpeg', '2022-02-22 12:25:10', 'image/jpeg'),(31, '20220112strategyUserWeightList.xls', 'xls', 5120, '/2022/02/22/facc669473e74d02a12eebbff24d83de.xls', '2022-02-22 12:25:15', 'application/vnd.ms-excel'),(32, '43e6a11ac1db1d2c63509d2f9ae704e9.jpeg', 'jpeg', 31014, '/2022/02/24/d8d51c513f9e42d8aafe664865983dfe.jpeg', '2022-02-24 16:43:18', 'image/jpeg'),(33, 'b68c9f5e7aed7e50e508445681dcf2e4.jpeg', 'jpeg', 32828, '/2022/02/24/5802a6750ac8445784f9a1e2afda14a4.jpeg', '2022-02-24 16:43:19', 'image/jpeg'),(34, '43e6a11ac1db1d2c63509d2f9ae704e9.jpeg', 'jpeg', 31014, '/2022/02/24/e53c19212f8e480ba7613d48655d9661.jpeg', '2022-02-24 16:43:22', 'image/jpeg'),(35, 'b68c9f5e7aed7e50e508445681dcf2e4.jpeg', 'jpeg', 32828, '/2022/02/24/935ae4f66e5640d98b83825d43467b0e.jpeg', '2022-02-24 16:43:22', 'image/jpeg'),(36, '1.png', 'png', 502349, '/2022/03/04/25735a9a899c4a5d936965d31d189e1f.png', '2022-03-04 17:22:58', 'image/png'),(37, 'hyz', '', 887, '/2022/03/04/ecec536e4c8044d0a992a13e47c77b11', '2022-03-04 17:23:06', 'application/octet-stream'),(38, 'hyz2', '', 1700, '/2022/03/04/dfd8996abf24406e90a4745b5a72c497', '2022-03-04 17:23:07', 'application/octet-stream'),(39, '1.png', 'png', 502349, '/2022/03/04/57dfcaad35ea45c5ac35cbdc4e7b3c0b.png', '2022-03-04 17:34:39', 'image/png'),(40, '1.png', 'png', 502349, '/2022/03/07/b30013791efe4259bd4d4f7390059231.png', '2022-03-07 10:30:04', 'image/png'),(41, 'dd.jpeg', 'jpeg', 31014, '/2022/08/19/aee7dd53edf64138ba1b5d29af0ab0c2.jpeg', '2022-08-19 15:12:32', 'image/jpeg');
UNLOCK TABLES;
COMMIT;
BEGIN;
LOCK TABLES `sys_menu` WRITE;
DELETE FROM `sys_menu`;
INSERT INTO `sys_menu` (`id`,`parent_id`,`menu_code`,`menu_name`,`menu_type`,`url`,`seq`,`icon`,`whether_button`) VALUES (7, NULL, '01', '系统管理', '1', NULL, 1, 'mdi-settings', 'NO'),(8, 7, '0101', '数据库表', '1', '/page/static/sys/tableInfo', 1, NULL, 'NO'),(9, 7, '0102', '外键管理', '1', '/crud/foreignKey', 2, NULL, 'NO'),(10, 7, '0103', '页面管理', '1', '/page/static/sys/page', 3, NULL, 'NO'),(11, 7, '0104', '表单管理', '1', '/page/static/sys/form', 4, NULL, 'NO'),(12, 7, '0105', '菜单管理', '1', '/crud/menu', 5, NULL, 'NO'),(13, 7, '0106', '数据字典', '1', '/crud/dic', 6, NULL, 'NO'),(14, 7, '0107', 'magic-api', '1', '/magic/web/index.html', 7, NULL, 'NO'),(15, 7, '0108', '系统配置', '1', '/crud/config', 8, NULL, 'NO'),(16, NULL, '02', '人员组织', '1', NULL, 2, 'mdi-home', 'NO'),(17, 16, '0201', '用户管理', '1', '/crud/user', 1, NULL, 'NO'),(19, 16, '0202', '企业管理', '1', '/crud/enterprise', 2, NULL, 'NO'),(21, 16, '0203', '岗位管理', '1', '/crud/position', 3, NULL, 'NO'),(22, 16, '0204', '固定岗位', '1', '/crud/positionFixed', 4, NULL, 'NO'),(24, 16, '0206', '部门', '1', '/crud/dept', 6, NULL, 'NO'),(25, 16, '0207', '企业用户', '1', '/crud/enterpriseUser', 7, NULL, 'NO'),(52, 17, '020101', '用户列表-新增', '1', NULL, 1, NULL, 'YES'),(53, 17, '020102', '用户列表-编辑', '1', NULL, 2, NULL, 'YES'),(54, 17, '020103', '用户列表-删除', '1', NULL, 3, NULL, 'YES'),(55, 19, '020201', '企业列表-新增', '1', NULL, 1, NULL, 'YES'),(56, 19, '020202', '企业负责人列表-新增', '1', NULL, 2, NULL, 'YES'),(57, 19, '020203', '企业负责人列表-删除', '1', NULL, 3, NULL, 'YES'),(58, 19, '020204', '企业列表-编辑', '1', NULL, 4, NULL, 'YES'),(59, 19, '020205', '企业列表-企业菜单', '1', NULL, 5, NULL, 'YES'),(60, 19, '020206', '企业列表-删除', '1', NULL, 6, NULL, 'YES'),(61, 21, '020301', '岗位列表-新增', '1', NULL, 1, NULL, 'YES'),(62, 21, '020302', '岗位列表-编辑', '1', NULL, 2, NULL, 'YES'),(63, 21, '020303', '岗位列表-删除', '1', NULL, 3, NULL, 'YES'),(64, 21, '020304', '岗位列表-岗位菜单', '1', NULL, 4, NULL, 'YES'),(65, 22, '020401', '固定岗位-新增', '1', NULL, 1, NULL, 'YES'),(66, 22, '020402', '固定岗位-编辑', '1', NULL, 2, NULL, 'YES'),(67, 22, '020403', '固定岗位-删除', '1', NULL, 3, NULL, 'YES'),(68, 24, '020601', '部门列表-新增', '1', NULL, 1, NULL, 'YES'),(69, 24, '020602', '部门列表-编辑', '1', NULL, 2, NULL, 'YES'),(70, 24, '020603', '部门列表-删除', '1', NULL, 3, NULL, 'YES'),(71, 25, '020701', '企业用户-新增', '1', NULL, 1, NULL, 'YES'),(72, 25, '020702', '用户岗位-新增', '1', NULL, 2, NULL, 'YES'),(73, 25, '020703', '用户岗位-删除', '1', NULL, 3, NULL, 'YES'),(74, 25, '020704', '企业用户-编辑', '1', NULL, 4, NULL, 'YES'),(75, 25, '020705', '企业用户-删除', '1', NULL, 5, NULL, 'YES'),(76, 25, '020706', '企业用户-关联其他企业用户', '1', NULL, 6, NULL, 'YES'),(77, 15, '010801', '系统配置-新增', '1', NULL, 1, NULL, 'YES'),(78, 15, '010802', '系统配置-编辑', '1', NULL, 2, NULL, 'YES'),(79, 15, '010803', '系统配置-删除', '1', NULL, 3, NULL, 'YES'),(83, 12, '010501', '菜单管理-删除', '1', NULL, 1, NULL, 'YES'),(84, 12, '010502', '菜单管理-新增', '1', NULL, 2, NULL, 'YES'),(85, 12, '010503', '菜单管理-编辑', '1', NULL, 3, NULL, 'YES'),(86, 12, '010504', '菜单管理-初始化按钮', '1', NULL, 4, NULL, 'YES'),(87, 9, '010201', '外键管理-新增', '1', NULL, 1, NULL, 'YES'),(88, 9, '010202', '外键管理-删除', '1', NULL, 2, NULL, 'YES'),(89, 24, '020604', '部门负责人-新增', '1', NULL, 4, NULL, 'YES'),(90, 24, '020605', '部门负责人-删除', '1', NULL, 5, NULL, 'YES'),(133, 7, '0115', '系统url', '1', '/crud/menuUrlAll', 15, NULL, 'NO'),(134, 12, '010505', '菜单管理-菜单url', '1', NULL, 5, NULL, 'YES'),(135, 12, '010506', '菜单url列表-新增', '1', NULL, 6, NULL, 'YES'),(136, 12, '010507', '菜单url列表-编辑', '1', NULL, 7, NULL, 'YES'),(137, 12, '010508', '菜单url列表-删除', '1', NULL, 8, NULL, 'YES'),(138, 133, '011501', '全部url-新增', '1', NULL, 1, NULL, 'YES'),(139, 133, '011502', '全部url-编辑', '1', NULL, 2, NULL, 'YES'),(140, 133, '011503', '全部url-删除', '1', NULL, 3, NULL, 'YES'),(148, 17, '020104', '用户列表-重置密码', '1', NULL, 4, NULL, 'YES'),(149, 25, '020707', '企业用户-重置密码', '1', NULL, 7, NULL, 'YES'),(152, 13, '010601', '字典-新建', '1', NULL, 1, NULL, 'YES'),(153, 13, '010602', '字典明细-新建', '1', NULL, 2, NULL, 'YES'),(154, 13, '010603', '字典明细-编辑', '1', NULL, 3, NULL, 'YES'),(155, 13, '010604', '字典明细-删除', '1', NULL, 4, NULL, 'YES'),(156, 13, '010605', '字典-编辑', '1', NULL, 5, NULL, 'YES'),(157, 13, '010606', '字典-删除', '1', NULL, 6, NULL, 'YES'),(158, 13, '010607', '字典-查看', '1', NULL, 7, NULL, 'YES');
UNLOCK TABLES;
COMMIT;
BEGIN;
LOCK TABLES `user` WRITE;
DELETE FROM `user`;
INSERT INTO `user` (`id`,`user_code`,`name`,`mobile`,`password`,`salt`,`create_time`,`update_time`,`avatar`,`user_type`,`user_status`,`other_files`) VALUES (1, 'admin', '管理员', '', '2233f31a7f40ae62e68d59bc653625b2', '98ded42e-8bb5-4ece-93b9-932fda72805b', '2022-01-27 15:03:35', '2022-08-19 15:12:32', '/admin/download/41/dd.jpeg', 'admin', '1', '/admin/download/9/b68c9f5e7aed7e50e508445681dcf2e4.jpeg,/admin/download/10/博洛尼合同印章.png,/admin/download/11/svn服务器.docx'),(2, 'test', '测试', '', '3652e13f0230e7a3a559e730f2af083e', '276deb73-103a-43a2-93cc-7905dd207c6e', '2022-02-11 14:27:05', '2022-02-21 14:01:54', '/admin/download/20/b68c9f5e7aed7e50e508445681dcf2e4.jpeg', 'common', '1', ''),(3, '0101', '123123', '', '0276f5a3a11614755d9dda7ed9834ad2', '9496afa3-4b0c-4926-a0fa-dff39bae6b0e', '2022-02-16 10:55:36', NULL, '/admin/download/22/43e6a11ac1db1d2c63509d2f9ae704e9.jpeg', 'common', '1', '/admin/download/23/43e6a11ac1db1d2c63509d2f9ae704e9.jpeg,/admin/download/24/b68c9f5e7aed7e50e508445681dcf2e4.jpeg');
UNLOCK TABLES;
COMMIT;
